Name,Sex,Team,NOC,Year,City,Sport,Event,Medal,Legendary_Coach,Unnamed: 0,Num_Athletes,Female_Ratio,Num_Sports,Num_Events,Rank,Gold,Silver,Bronze,Total,Total_Events,Total_Discipline,Total_Sports,Is_Host
Ladislava (hniz-),F,United States,USA,1948,London,Gymnastics,Gymnastics Women's Team All-Around,Bronze,No,,,,,,,,,,,,,,
Marian (twining-),F,United States,USA,1948,London,Gymnastics,Gymnastics Women's Team All-Around,Bronze,No,,,,,,,,,,,,,,
Marian (twining-),F,United States,USA,1952,Helsinki,Gymnastics,Gymnastics Women's Individual All-Around,No medal,No,,,,,,,,,,,,,,
Marian (twining-),F,United States,USA,1952,Helsinki,Gymnastics,Gymnastics Women's Team All-Around,No medal,No,,,,,,,,,,,,,,
Marian (twining-),F,United States,USA,1952,Helsinki,Gymnastics,Gymnastics Women's Team Portable Apparatus,No medal,No,,,,,,,,,,,,,,
Marian (twining-),F,United States,USA,1952,Helsinki,Gymnastics,Gymnastics Women's Floor Exercise,No medal,No,,,,,,,,,,,,,,
Marian (twining-),F,United States,USA,1952,Helsinki,Gymnastics,Gymnastics Women's Horse Vault,No medal,No,,,,,,,,,,,,,,
Marian (twining-),F,United States,USA,1952,Helsinki,Gymnastics,Gymnastics Women's Uneven Bars,No medal,No,,,,,,,,,,,,,,
Marian (twining-),F,United States,USA,1952,Helsinki,Gymnastics,Gymnastics Women's Balance Beam,No medal,No,,,,,,,,,,,,,,
Mohini (-barry),F,United States,USA,2004,Athina,Gymnastics,Gymnastics Women's Individual All-Around,No medal,Yes,,,,,,,,,,,,,,
Mohini (-barry),F,United States,USA,2004,Athina,Gymnastics,Gymnastics Women's Team All-Around,Silver,Yes,,,,,,,,,,,,,,
Mohini (-barry),F,United States,USA,2004,Athina,Gymnastics,Gymnastics Women's Floor Exercise,No medal,Yes,,,,,,,,,,,,,,
Mohini (-barry),F,United States,USA,2004,Athina,Gymnastics,Gymnastics Women's Horse Vault,No medal,Yes,,,,,,,,,,,,,,
Mohini (-barry),F,United States,USA,2004,Athina,Gymnastics,Gymnastics Women's Uneven Bars,No medal,Yes,,,,,,,,,,,,,,
Mohini (-barry),F,United States,USA,2004,Athina,Gymnastics,Gymnastics Women's Balance Beam,No medal,Yes,,,,,,,,,,,,,,
Pamela (-flat),F,United States,USA,1984,Los Angeles,Gymnastics,Gymnastics Women's Individual All-Around,No medal,Yes,,,,,,,,,,,,,,
Pamela (-flat),F,United States,USA,1984,Los Angeles,Gymnastics,Gymnastics Women's Team All-Around,Silver,Yes,,,,,,,,,,,,,,
Pamela (-flat),F,United States,USA,1984,Los Angeles,Gymnastics,Gymnastics Women's Floor Exercise,No medal,Yes,,,,,,,,,,,,,,
Pamela (-flat),F,United States,USA,1984,Los Angeles,Gymnastics,Gymnastics Women's Horse Vault,No medal,Yes,,,,,,,,,,,,,,
Pamela (-flat),F,United States,USA,1984,Los Angeles,Gymnastics,Gymnastics Women's Uneven Bars,No medal,Yes,,,,,,,,,,,,,,
Pamela (-flat),F,United States,USA,1984,Los Angeles,Gymnastics,Gymnastics Women's Balance Beam,No medal,Yes,,,,,,,,,,,,,,
Simone Biles,F,United States,USA,2016,Rio de Janeiro,Gymnastics,Gymnastics Women's Individual All-Around,Gold,Yes,,,,,,,,,,,,,,
Simone Biles,F,United States,USA,2016,Rio de Janeiro,Gymnastics,Gymnastics Women's Team All-Around,Gold,Yes,,,,,,,,,,,,,,
Simone Biles,F,United States,USA,2016,Rio de Janeiro,Gymnastics,Gymnastics Women's Floor Exercise,Gold,Yes,,,,,,,,,,,,,,
Simone Biles,F,United States,USA,2016,Rio de Janeiro,Gymnastics,Gymnastics Women's Horse Vault,Gold,Yes,,,,,,,,,,,,,,
Simone Biles,F,United States,USA,2016,Rio de Janeiro,Gymnastics,Gymnastics Women's Uneven Bars,No medal,Yes,,,,,,,,,,,,,,
Simone Biles,F,United States,USA,2016,Rio de Janeiro,Gymnastics,Gymnastics Women's Balance Beam,Bronze,Yes,,,,,,,,,,,,,,
Amanda (-cochran),F,United States,USA,1996,Atlanta,Gymnastics,Gymnastics Women's Individual All-Around,No medal,Yes,,,,,,,,,,,,,,
Amanda (-cochran),F,United States,USA,1996,Atlanta,Gymnastics,Gymnastics Women's Team All-Around,Gold,Yes,,,,,,,,,,,,,,
Amanda (-cochran),F,United States,USA,1996,Atlanta,Gymnastics,Gymnastics Women's Floor Exercise,No medal,Yes,,,,,,,,,,,,,,
Amanda (-cochran),F,United States,USA,1996,Atlanta,Gymnastics,Gymnastics Women's Balance Beam,No medal,Yes,,,,,,,,,,,,,,
Wendy (-martin),F,United States,USA,1992,Barcelona,Gymnastics,Gymnastics Women's Individual All-Around,No medal,No,,,,,,,,,,,,,,
Wendy (-martin),F,United States,USA,1992,Barcelona,Gymnastics,Gymnastics Women's Team All-Around,Bronze,No,,,,,,,,,,,,,,
Wendy (-martin),F,United States,USA,1992,Barcelona,Gymnastics,Gymnastics Women's Floor Exercise,No medal,No,,,,,,,,,,,,,,
Wendy (-martin),F,United States,USA,1992,Barcelona,Gymnastics,Gymnastics Women's Horse Vault,No medal,No,,,,,,,,,,,,,,
Wendy (-martin),F,United States,USA,1992,Barcelona,Gymnastics,Gymnastics Women's Uneven Bars,No medal,No,,,,,,,,,,,,,,
Wendy (-martin),F,United States,USA,1992,Barcelona,Gymnastics,Gymnastics Women's Balance Beam,No medal,No,,,,,,,,,,,,,,
Jean (-pascuzzi),F,United States,USA,1936,Berlin,Gymnastics,Gymnastics Women's Team All-Around,No medal,No,,,,,,,,,,,,,,
Consetta Caruccio-lenz,F,United States,USA,1936,Berlin,Gymnastics,Gymnastics Women's Team All-Around,No medal,No,,,,,,,,,,,,,,
Consetta Caruccio-lenz,F,United States,USA,1948,London,Gymnastics,Gymnastics Women's Team All-Around,Bronze,No,,,,,,,,,,,,,,
Colleen (-shields),F,United States,USA,1976,Montreal,Gymnastics,Gymnastics Women's Individual All-Around,No medal,Yes,,,,,,,,,,,,,,
Colleen (-shields),F,United States,USA,1976,Montreal,Gymnastics,Gymnastics Women's Team All-Around,No medal,Yes,,,,,,,,,,,,,,
Colleen (-shields),F,United States,USA,1976,Montreal,Gymnastics,Gymnastics Women's Floor Exercise,No medal,Yes,,,,,,,,,,,,,,
Colleen (-shields),F,United States,USA,1976,Montreal,Gymnastics,Gymnastics Women's Horse Vault,No medal,Yes,,,,,,,,,,,,,,
Colleen (-shields),F,United States,USA,1976,Montreal,Gymnastics,Gymnastics Women's Uneven Bars,No medal,Yes,,,,,,,,,,,,,,
Colleen (-shields),F,United States,USA,1976,Montreal,Gymnastics,Gymnastics Women's Balance Beam,No medal,Yes,,,,,,,,,,,,,,
Kimberly -may),F,United States,USA,1972,Munich,Gymnastics,Gymnastics Women's Individual All-Around,No medal,No,,,,,,,,,,,,,,
Kimberly -may),F,United States,USA,1972,Munich,Gymnastics,Gymnastics Women's Team All-Around,No medal,No,,,,,,,,,,,,,,
Kimberly -may),F,United States,USA,1972,Munich,Gymnastics,Gymnastics Women's Floor Exercise,No medal,No,,,,,,,,,,,,,,
Kimberly -may),F,United States,USA,1972,Munich,Gymnastics,Gymnastics Women's Horse Vault,No medal,No,,,,,,,,,,,,,,
Kimberly -may),F,United States,USA,1972,Munich,Gymnastics,Gymnastics Women's Uneven Bars,No medal,No,,,,,,,,,,,,,,
Kimberly -may),F,United States,USA,1972,Munich,Gymnastics,Gymnastics Women's Balance Beam,No medal,No,,,,,,,,,,,,,,
Kimberly -may),F,United States,USA,1976,Montreal,Gymnastics,Gymnastics Women's Individual All-Around,No medal,Yes,,,,,,,,,,,,,,
Kimberly -may),F,United States,USA,1976,Montreal,Gymnastics,Gymnastics Women's Team All-Around,No medal,Yes,,,,,,,,,,,,,,
Kimberly -may),F,United States,USA,1976,Montreal,Gymnastics,Gymnastics Women's Floor Exercise,No medal,Yes,,,,,,,,,,,,,,
Kimberly -may),F,United States,USA,1976,Montreal,Gymnastics,Gymnastics Women's Horse Vault,No medal,Yes,,,,,,,,,,,,,,
Kimberly -may),F,United States,USA,1976,Montreal,Gymnastics,Gymnastics Women's Uneven Bars,No medal,Yes,,,,,,,,,,,,,,
Kimberly -may),F,United States,USA,1976,Montreal,Gymnastics,Gymnastics Women's Balance Beam,No medal,Yes,,,,,,,,,,,,,,
Amy (-ho),F,United States,USA,1996,Atlanta,Gymnastics,Gymnastics Women's Individual All-Around,No medal,Yes,,,,,,,,,,,,,,
Amy (-ho),F,United States,USA,1996,Atlanta,Gymnastics,Gymnastics Women's Team All-Around,Gold,Yes,,,,,,,,,,,,,,
Amy (-ho),F,United States,USA,1996,Atlanta,Gymnastics,Gymnastics Women's Horse Vault,No medal,Yes,,,,,,,,,,,,,,
Amy (-ho),F,United States,USA,1996,Atlanta,Gymnastics,Gymnastics Women's Uneven Bars,Silver,Yes,,,,,,,,,,,,,,
Amy (-ho),F,United States,USA,2000,Sydney,Gymnastics,Gymnastics Women's Individual All-Around,No medal,Yes,,,,,,,,,,,,,,
Amy (-ho),F,United States,USA,2000,Sydney,Gymnastics,Gymnastics Women's Team All-Around,Bronze,Yes,,,,,,,,,,,,,,
Amy (-ho),F,United States,USA,2000,Sydney,Gymnastics,Gymnastics Women's Floor Exercise,No medal,Yes,,,,,,,,,,,,,,
Amy (-ho),F,United States,USA,2000,Sydney,Gymnastics,Gymnastics Women's Horse Vault,No medal,Yes,,,,,,,,,,,,,,
Amy (-ho),F,United States,USA,2000,Sydney,Gymnastics,Gymnastics Women's Uneven Bars,No medal,Yes,,,,,,,,,,,,,,
Amy (-ho),F,United States,USA,2000,Sydney,Gymnastics,Gymnastics Women's Balance Beam,No medal,Yes,,,,,,,,,,,,,,
Wendy (-perez),F,United States,USA,1968,Mexico City,Gymnastics,Gymnastics Women's Individual All-Around,No medal,No,,,,,,,,,,,,,,
Wendy (-perez),F,United States,USA,1968,Mexico City,Gymnastics,Gymnastics Women's Team All-Around,No medal,No,,,,,,,,,,,,,,
Wendy (-perez),F,United States,USA,1968,Mexico City,Gymnastics,Gymnastics Women's Floor Exercise,No medal,No,,,,,,,,,,,,,,
Wendy (-perez),F,United States,USA,1968,Mexico City,Gymnastics,Gymnastics Women's Horse Vault,No medal,No,,,,,,,,,,,,,,
Wendy (-perez),F,United States,USA,1968,Mexico City,Gymnastics,Gymnastics Women's Uneven Bars,No medal,No,,,,,,,,,,,,,,
Wendy (-perez),F,United States,USA,1968,Mexico City,Gymnastics,Gymnastics Women's Balance Beam,No medal,No,,,,,,,,,,,,,,
Kathleen (-ekas),F,United States,USA,1964,Tokyo,Gymnastics,Gymnastics Women's Individual All-Around,No medal,No,,,,,,,,,,,,,,
Kathleen (-ekas),F,United States,USA,1964,Tokyo,Gymnastics,Gymnastics Women's Team All-Around,No medal,No,,,,,,,,,,,,,,
Kathleen (-ekas),F,United States,USA,1964,Tokyo,Gymnastics,Gymnastics Women's Floor Exercise,No medal,No,,,,,,,,,,,,,,
Kathleen (-ekas),F,United States,USA,1964,Tokyo,Gymnastics,Gymnastics Women's Horse Vault,No medal,No,,,,,,,,,,,,,,
Kathleen (-ekas),F,United States,USA,1964,Tokyo,Gymnastics,Gymnastics Women's Uneven Bars,No medal,No,,,,,,,,,,,,,,
Kathleen (-ekas),F,United States,USA,1964,Tokyo,Gymnastics,Gymnastics Women's Balance Beam,No medal,No,,,,,,,,,,,,,,
Dorothy Dalton,F,United States,USA,1948,London,Gymnastics,Gymnastics Women's Team All-Around,Bronze,No,,,,,,,,,,,,,,
Dorothy Dalton,F,United States,USA,1952,Helsinki,Gymnastics,Gymnastics Women's Individual All-Around,No medal,No,,,,,,,,,,,,,,
Dorothy Dalton,F,United States,USA,1952,Helsinki,Gymnastics,Gymnastics Women's Team All-Around,No medal,No,,,,,,,,,,,,,,
Dorothy Dalton,F,United States,USA,1952,Helsinki,Gymnastics,Gymnastics Women's Team Portable Apparatus,No medal,No,,,,,,,,,,,,,,
Dorothy Dalton,F,United States,USA,1952,Helsinki,Gymnastics,Gymnastics Women's Floor Exercise,No medal,No,,,,,,,,,,,,,,
Dorothy Dalton,F,United States,USA,1952,Helsinki,Gymnastics,Gymnastics Women's Horse Vault,No medal,No,,,,,,,,,,,,,,
Dorothy Dalton,F,United States,USA,1952,Helsinki,Gymnastics,Gymnastics Women's Uneven Bars,No medal,No,,,,,,,,,,,,,,
Dorothy Dalton,F,United States,USA,1952,Helsinki,Gymnastics,Gymnastics Women's Balance Beam,No medal,No,,,,,,,,,,,,,,
Jamie Dantzscher,F,United States,USA,2000,Sydney,Gymnastics,Gymnastics Women's Individual All-Around,No medal,Yes,,,,,,,,,,,,,,
Jamie Dantzscher,F,United States,USA,2000,Sydney,Gymnastics,Gymnastics Women's Team All-Around,Bronze,Yes,,,,,,,,,,,,,,
Jamie Dantzscher,F,United States,USA,2000,Sydney,Gymnastics,Gymnastics Women's Floor Exercise,No medal,Yes,,,,,,,,,,,,,,
Jamie Dantzscher,F,United States,USA,2000,Sydney,Gymnastics,Gymnastics Women's Horse Vault,No medal,Yes,,,,,,,,,,,,,,
Muriel Davis-grossfeld,F,United States,USA,1956,Melbourne,Gymnastics,Gymnastics Women's Individual All-Around,No medal,No,,,,,,,,,,,,,,
Muriel Davis-grossfeld,F,United States,USA,1956,Melbourne,Gymnastics,Gymnastics Women's Team All-Around,No medal,No,,,,,,,,,,,,,,
Muriel Davis-grossfeld,F,United States,USA,1956,Melbourne,Gymnastics,Gymnastics Women's Team Portable Apparatus,No medal,No,,,,,,,,,,,,,,
Muriel Davis-grossfeld,F,United States,USA,1956,Melbourne,Gymnastics,Gymnastics Women's Floor Exercise,No medal,No,,,,,,,,,,,,,,
Muriel Davis-grossfeld,F,United States,USA,1956,Melbourne,Gymnastics,Gymnastics Women's Horse Vault,No medal,No,,,,,,,,,,,,,,
Muriel Davis-grossfeld,F,United States,USA,1956,Melbourne,Gymnastics,Gymnastics Women's Uneven Bars,No medal,No,,,,,,,,,,,,,,
Muriel Davis-grossfeld,F,United States,USA,1956,Melbourne,Gymnastics,Gymnastics Women's Balance Beam,No medal,No,,,,,,,,,,,,,,
Muriel Davis-grossfeld,F,United States,USA,1960,Roma,Gymnastics,Gymnastics Women's Individual All-Around,No medal,No,,,,,,,,,,,,,,
Muriel Davis-grossfeld,F,United States,USA,1960,Roma,Gymnastics,Gymnastics Women's Team All-Around,No medal,No,,,,,,,,,,,,,,
Muriel Davis-grossfeld,F,United States,USA,1960,Roma,Gymnastics,Gymnastics Women's Floor Exercise,No medal,No,,,,,,,,,,,,,,
Muriel Davis-grossfeld,F,United States,USA,1960,Roma,Gymnastics,Gymnastics Women's Horse Vault,No medal,No,,,,,,,,,,,,,,
Muriel Davis-grossfeld,F,United States,USA,1960,Roma,Gymnastics,Gymnastics Women's Uneven Bars,No medal,No,,,,,,,,,,,,,,
Muriel Davis-grossfeld,F,United States,USA,1960,Roma,Gymnastics,Gymnastics Women's Balance Beam,No medal,No,,,,,,,,,,,,,,
Muriel Davis-grossfeld,F,United States,USA,1964,Tokyo,Gymnastics,Gymnastics Women's Individual All-Around,No medal,No,,,,,,,,,,,,,,
Muriel Davis-grossfeld,F,United States,USA,1964,Tokyo,Gymnastics,Gymnastics Women's Team All-Around,No medal,No,,,,,,,,,,,,,,
Muriel Davis-grossfeld,F,United States,USA,1964,Tokyo,Gymnastics,Gymnastics Women's Floor Exercise,No medal,No,,,,,,,,,,,,,,
Muriel Davis-grossfeld,F,United States,USA,1964,Tokyo,Gymnastics,Gymnastics Women's Horse Vault,No medal,No,,,,,,,,,,,,,,
Muriel Davis-grossfeld,F,United States,USA,1964,Tokyo,Gymnastics,Gymnastics Women's Uneven Bars,No medal,No,,,,,,,,,,,,,,
Muriel Davis-grossfeld,F,United States,USA,1964,Tokyo,Gymnastics,Gymnastics Women's Balance Beam,No medal,No,,,,,,,,,,,,,,
Dominique (-thompson),F,United States,USA,1992,Barcelona,Gymnastics,Gymnastics Women's Individual All-Around,No medal,No,,,,,,,,,,,,,,
Dominique (-thompson),F,United States,USA,1992,Barcelona,Gymnastics,Gymnastics Women's Team All-Around,Bronze,No,,,,,,,,,,,,,,
Dominique (-thompson),F,United States,USA,1992,Barcelona,Gymnastics,Gymnastics Women's Floor Exercise,No medal,No,,,,,,,,,,,,,,
Dominique (-thompson),F,United States,USA,1992,Barcelona,Gymnastics,Gymnastics Women's Horse Vault,No medal,No,,,,,,,,,,,,,,
Dominique (-thompson),F,United States,USA,1992,Barcelona,Gymnastics,Gymnastics Women's Uneven Bars,No medal,No,,,,,,,,,,,,,,
Dominique (-thompson),F,United States,USA,1992,Barcelona,Gymnastics,Gymnastics Women's Balance Beam,No medal,No,,,,,,,,,,,,,,
Dominique (-thompson),F,United States,USA,1996,Atlanta,Gymnastics,Gymnastics Women's Individual All-Around,No medal,Yes,,,,,,,,,,,,,,
Dominique (-thompson),F,United States,USA,1996,Atlanta,Gymnastics,Gymnastics Women's Team All-Around,Gold,Yes,,,,,,,,,,,,,,
Dominique (-thompson),F,United States,USA,1996,Atlanta,Gymnastics,Gymnastics Women's Floor Exercise,Bronze,Yes,,,,,,,,,,,,,,
Dominique (-thompson),F,United States,USA,1996,Atlanta,Gymnastics,Gymnastics Women's Horse Vault,No medal,Yes,,,,,,,,,,,,,,
Dominique (-thompson),F,United States,USA,1996,Atlanta,Gymnastics,Gymnastics Women's Uneven Bars,No medal,Yes,,,,,,,,,,,,,,
Dominique (-thompson),F,United States,USA,1996,Atlanta,Gymnastics,Gymnastics Women's Balance Beam,No medal,Yes,,,,,,,,,,,,,,
Dominique (-thompson),F,United States,USA,2000,Sydney,Gymnastics,Gymnastics Women's Individual All-Around,No medal,Yes,,,,,,,,,,,,,,
Dominique (-thompson),F,United States,USA,2000,Sydney,Gymnastics,Gymnastics Women's Team All-Around,Bronze,Yes,,,,,,,,,,,,,,
Dominique (-thompson),F,United States,USA,2000,Sydney,Gymnastics,Gymnastics Women's Floor Exercise,No medal,Yes,,,,,,,,,,,,,,
Dominique (-thompson),F,United States,USA,2000,Sydney,Gymnastics,Gymnastics Women's Horse Vault,No medal,Yes,,,,,,,,,,,,,,
Dominique (-thompson),F,United States,USA,2000,Sydney,Gymnastics,Gymnastics Women's Uneven Bars,No medal,Yes,,,,,,,,,,,,,,
Dominique (-thompson),F,United States,USA,2000,Sydney,Gymnastics,Gymnastics Women's Balance Beam,No medal,Yes,,,,,,,,,,,,,,
Gabrielle Douglas,F,United States,USA,2012,London,Gymnastics,Gymnastics Women's Individual All-Around,Gold,Yes,,,,,,,,,,,,,,
Gabrielle Douglas,F,United States,USA,2012,London,Gymnastics,Gymnastics Women's Team All-Around,Gold,Yes,,,,,,,,,,,,,,
Gabrielle Douglas,F,United States,USA,2012,London,Gymnastics,Gymnastics Women's Floor Exercise,No medal,Yes,,,,,,,,,,,,,,
Gabrielle Douglas,F,United States,USA,2012,London,Gymnastics,Gymnastics Women's Uneven Bars,No medal,Yes,,,,,,,,,,,,,,
Gabrielle Douglas,F,United States,USA,2012,London,Gymnastics,Gymnastics Women's Balance Beam,No medal,Yes,,,,,,,,,,,,,,
Gabrielle Douglas,F,United States,USA,2016,Rio de Janeiro,Gymnastics,Gymnastics Women's Individual All-Around,No medal,Yes,,,,,,,,,,,,,,
Gabrielle Douglas,F,United States,USA,2016,Rio de Janeiro,Gymnastics,Gymnastics Women's Team All-Around,Gold,Yes,,,,,,,,,,,,,,
Gabrielle Douglas,F,United States,USA,2016,Rio de Janeiro,Gymnastics,Gymnastics Women's Floor Exercise,No medal,Yes,,,,,,,,,,,,,,
Gabrielle Douglas,F,United States,USA,2016,Rio de Janeiro,Gymnastics,Gymnastics Women's Uneven Bars,No medal,Yes,,,,,,,,,,,,,,
Gabrielle Douglas,F,United States,USA,2016,Rio de Janeiro,Gymnastics,Gymnastics Women's Balance Beam,No medal,Yes,,,,,,,,,,,,,,
Margaret (-colette),F,United States,USA,1936,Berlin,Gymnastics,Gymnastics Women's Team All-Around,No medal,No,,,,,,,,,,,,,,
Michelle (-farrell),F,United States,USA,1984,Los Angeles,Gymnastics,Gymnastics Women's Individual All-Around,No medal,Yes,,,,,,,,,,,,,,
Michelle (-farrell),F,United States,USA,1984,Los Angeles,Gymnastics,Gymnastics Women's Team All-Around,Silver,Yes,,,,,,,,,,,,,,
Michelle (-farrell),F,United States,USA,1984,Los Angeles,Gymnastics,Gymnastics Women's Floor Exercise,No medal,Yes,,,,,,,,,,,,,,
Michelle (-farrell),F,United States,USA,1984,Los Angeles,Gymnastics,Gymnastics Women's Horse Vault,No medal,Yes,,,,,,,,,,,,,,
Michelle (-farrell),F,United States,USA,1984,Los Angeles,Gymnastics,Gymnastics Women's Uneven Bars,No medal,Yes,,,,,,,,,,,,,,
Michelle (-farrell),F,United States,USA,1984,Los Angeles,Gymnastics,Gymnastics Women's Balance Beam,No medal,Yes,,,,,,,,,,,,,,
Meta (neumann-),F,United States,USA,1948,London,Gymnastics,Gymnastics Women's Team All-Around,Bronze,No,,,,,,,,,,,,,,
Meta (neumann-),F,United States,USA,1952,Helsinki,Gymnastics,Gymnastics Women's Individual All-Around,No medal,No,,,,,,,,,,,,,,
Meta (neumann-),F,United States,USA,1952,Helsinki,Gymnastics,Gymnastics Women's Team All-Around,No medal,No,,,,,,,,,,,,,,
Meta (neumann-),F,United States,USA,1952,Helsinki,Gymnastics,Gymnastics Women's Team Portable Apparatus,No medal,No,,,,,,,,,,,,,,
Meta (neumann-),F,United States,USA,1952,Helsinki,Gymnastics,Gymnastics Women's Floor Exercise,No medal,No,,,,,,,,,,,,,,
Meta (neumann-),F,United States,USA,1952,Helsinki,Gymnastics,Gymnastics Women's Horse Vault,No medal,No,,,,,,,,,,,,,,
Meta (neumann-),F,United States,USA,1952,Helsinki,Gymnastics,Gymnastics Women's Uneven Bars,No medal,No,,,,,,,,,,,,,,
Meta (neumann-),F,United States,USA,1952,Helsinki,Gymnastics,Gymnastics Women's Balance Beam,No medal,No,,,,,,,,,,,,,,
Caroline (-zimmerman),F,United States,USA,1976,Montreal,Gymnastics,Gymnastics Women's Individual All-Around,No medal,Yes,,,,,,,,,,,,,,
Caroline (-zimmerman),F,United States,USA,1976,Montreal,Gymnastics,Gymnastics Women's Team All-Around,No medal,Yes,,,,,,,,,,,,,,
Caroline (-zimmerman),F,United States,USA,1976,Montreal,Gymnastics,Gymnastics Women's Floor Exercise,No medal,Yes,,,,,,,,,,,,,,
Caroline (-zimmerman),F,United States,USA,1976,Montreal,Gymnastics,Gymnastics Women's Horse Vault,No medal,Yes,,,,,,,,,,,,,,
Caroline (-zimmerman),F,United States,USA,1976,Montreal,Gymnastics,Gymnastics Women's Uneven Bars,No medal,Yes,,,,,,,,,,,,,,
Caroline (-zimmerman),F,United States,USA,1976,Montreal,Gymnastics,Gymnastics Women's Balance Beam,No medal,Yes,,,,,,,,,,,,,,
Doris (-brause),F,United States,USA,1956,Melbourne,Gymnastics,Gymnastics Women's Individual All-Around,No medal,No,,,,,,,,,,,,,,
Doris (-brause),F,United States,USA,1956,Melbourne,Gymnastics,Gymnastics Women's Team All-Around,No medal,No,,,,,,,,,,,,,,
Doris (-brause),F,United States,USA,1956,Melbourne,Gymnastics,Gymnastics Women's Team Portable Apparatus,No medal,No,,,,,,,,,,,,,,
Doris (-brause),F,United States,USA,1956,Melbourne,Gymnastics,Gymnastics Women's Floor Exercise,No medal,No,,,,,,,,,,,,,,
Doris (-brause),F,United States,USA,1956,Melbourne,Gymnastics,Gymnastics Women's Horse Vault,No medal,No,,,,,,,,,,,,,,
Doris (-brause),F,United States,USA,1956,Melbourne,Gymnastics,Gymnastics Women's Uneven Bars,No medal,No,,,,,,,,,,,,,,
Doris (-brause),F,United States,USA,1956,Melbourne,Gymnastics,Gymnastics Women's Balance Beam,No medal,No,,,,,,,,,,,,,,
Doris (-brause),F,United States,USA,1960,Roma,Gymnastics,Gymnastics Women's Individual All-Around,No medal,No,,,,,,,,,,,,,,
Doris (-brause),F,United States,USA,1960,Roma,Gymnastics,Gymnastics Women's Team All-Around,No medal,No,,,,,,,,,,,,,,
Doris (-brause),F,United States,USA,1960,Roma,Gymnastics,Gymnastics Women's Floor Exercise,No medal,No,,,,,,,,,,,,,,
Doris (-brause),F,United States,USA,1960,Roma,Gymnastics,Gymnastics Women's Horse Vault,No medal,No,,,,,,,,,,,,,,
Doris (-brause),F,United States,USA,1960,Roma,Gymnastics,Gymnastics Women's Uneven Bars,No medal,No,,,,,,,,,,,,,,
Doris (-brause),F,United States,USA,1960,Roma,Gymnastics,Gymnastics Women's Balance Beam,No medal,No,,,,,,,,,,,,,,
Kelly (-funderburk),F,United States,USA,1988,Seoul,Gymnastics,Gymnastics Women's Individual All-Around,No medal,No,,,,,,,,,,,,,,
Kelly (-funderburk),F,United States,USA,1988,Seoul,Gymnastics,Gymnastics Women's Team All-Around,No medal,No,,,,,,,,,,,,,,
Kelly (-funderburk),F,United States,USA,1988,Seoul,Gymnastics,Gymnastics Women's Floor Exercise,No medal,No,,,,,,,,,,,,,,
Kelly (-funderburk),F,United States,USA,1988,Seoul,Gymnastics,Gymnastics Women's Horse Vault,No medal,No,,,,,,,,,,,,,,
Kelly (-funderburk),F,United States,USA,1988,Seoul,Gymnastics,Gymnastics Women's Uneven Bars,No medal,No,,,,,,,,,,,,,,
Kelly (-funderburk),F,United States,USA,1988,Seoul,Gymnastics,Gymnastics Women's Balance Beam,No medal,No,,,,,,,,,,,,,,
Kathy (-jachter),F,United States,USA,1968,Mexico City,Gymnastics,Gymnastics Women's Individual All-Around,No medal,No,,,,,,,,,,,,,,
Kathy (-jachter),F,United States,USA,1968,Mexico City,Gymnastics,Gymnastics Women's Team All-Around,No medal,No,,,,,,,,,,,,,,
Kathy (-jachter),F,United States,USA,1968,Mexico City,Gymnastics,Gymnastics Women's Floor Exercise,No medal,No,,,,,,,,,,,,,,
Kathy (-jachter),F,United States,USA,1968,Mexico City,Gymnastics,Gymnastics Women's Horse Vault,No medal,No,,,,,,,,,,,,,,
Kathy (-jachter),F,United States,USA,1968,Mexico City,Gymnastics,Gymnastics Women's Uneven Bars,No medal,No,,,,,,,,,,,,,,
Kathy (-jachter),F,United States,USA,1968,Mexico City,Gymnastics,Gymnastics Women's Balance Beam,No medal,No,,,,,,,,,,,,,,
Ruth (-hatyina),F,United States,USA,1952,Helsinki,Gymnastics,Gymnastics Women's Individual All-Around,No medal,No,,,,,,,,,,,,,,
Ruth (-hatyina),F,United States,USA,1952,Helsinki,Gymnastics,Gymnastics Women's Team All-Around,No medal,No,,,,,,,,,,,,,,
Ruth (-hatyina),F,United States,USA,1952,Helsinki,Gymnastics,Gymnastics Women's Team Portable Apparatus,No medal,No,,,,,,,,,,,,,,
Ruth (-hatyina),F,United States,USA,1952,Helsinki,Gymnastics,Gymnastics Women's Floor Exercise,No medal,No,,,,,,,,,,,,,,
Ruth (-hatyina),F,United States,USA,1952,Helsinki,Gymnastics,Gymnastics Women's Horse Vault,No medal,No,,,,,,,,,,,,,,
Ruth (-hatyina),F,United States,USA,1952,Helsinki,Gymnastics,Gymnastics Women's Uneven Bars,No medal,No,,,,,,,,,,,,,,
Ruth (-hatyina),F,United States,USA,1952,Helsinki,Gymnastics,Gymnastics Women's Balance Beam,No medal,No,,,,,,,,,,,,,,
Annia Hatch,F,United States,USA,2004,Athina,Gymnastics,Gymnastics Women's Individual All-Around,No medal,Yes,,,,,,,,,,,,,,
Annia Hatch,F,United States,USA,2004,Athina,Gymnastics,Gymnastics Women's Team All-Around,Silver,Yes,,,,,,,,,,,,,,
Annia Hatch,F,United States,USA,2004,Athina,Gymnastics,Gymnastics Women's Horse Vault,Silver,Yes,,,,,,,,,,,,,,
Irma (pezzia-),F,United States,USA,1936,Berlin,Gymnastics,Gymnastics Women's Team All-Around,No medal,No,,,,,,,,,,,,,,
Lauren Hernandez,F,United States,USA,2016,Rio de Janeiro,Gymnastics,Gymnastics Women's Team All-Around,Gold,Yes,,,,,,,,,,,,,,
Lauren Hernandez,F,United States,USA,2016,Rio de Janeiro,Gymnastics,Gymnastics Women's Floor Exercise,No medal,Yes,,,,,,,,,,,,,,
Lauren Hernandez,F,United States,USA,2016,Rio de Janeiro,Gymnastics,Gymnastics Women's Balance Beam,Silver,Yes,,,,,,,,,,,,,,
Marie Hoesly,F,United States,USA,1952,Helsinki,Gymnastics,Gymnastics Women's Individual All-Around,No medal,No,,,,,,,,,,,,,,
Marie Hoesly,F,United States,USA,1952,Helsinki,Gymnastics,Gymnastics Women's Team All-Around,No medal,No,,,,,,,,,,,,,,
Marie Hoesly,F,United States,USA,1952,Helsinki,Gymnastics,Gymnastics Women's Team Portable Apparatus,No medal,No,,,,,,,,,,,,,,
Marie Hoesly,F,United States,USA,1952,Helsinki,Gymnastics,Gymnastics Women's Floor Exercise,No medal,No,,,,,,,,,,,,,,
Marie Hoesly,F,United States,USA,1952,Helsinki,Gymnastics,Gymnastics Women's Horse Vault,No medal,No,,,,,,,,,,,,,,
Marie Hoesly,F,United States,USA,1952,Helsinki,Gymnastics,Gymnastics Women's Uneven Bars,No medal,No,,,,,,,,,,,,,,
Marie Hoesly,F,United States,USA,1952,Helsinki,Gymnastics,Gymnastics Women's Balance Beam,No medal,No,,,,,,,,,,,,,,
Doris Howard,F,United States,USA,1976,Montreal,Gymnastics,Gymnastics Women's Individual All-Around,No medal,Yes,,,,,,,,,,,,,,
Doris Howard,F,United States,USA,1976,Montreal,Gymnastics,Gymnastics Women's Team All-Around,No medal,Yes,,,,,,,,,,,,,,
Doris Howard,F,United States,USA,1976,Montreal,Gymnastics,Gymnastics Women's Floor Exercise,No medal,Yes,,,,,,,,,,,,,,
Doris Howard,F,United States,USA,1976,Montreal,Gymnastics,Gymnastics Women's Horse Vault,No medal,Yes,,,,,,,,,,,,,,
Doris Howard,F,United States,USA,1976,Montreal,Gymnastics,Gymnastics Women's Uneven Bars,No medal,Yes,,,,,,,,,,,,,,
Doris Howard,F,United States,USA,1976,Montreal,Gymnastics,Gymnastics Women's Balance Beam,No medal,Yes,,,,,,,,,,,,,,
Judith (hult-),F,United States,USA,1956,Melbourne,Gymnastics,Gymnastics Women's Individual All-Around,No medal,No,,,,,,,,,,,,,,
Judith (hult-),F,United States,USA,1956,Melbourne,Gymnastics,Gymnastics Women's Team All-Around,No medal,No,,,,,,,,,,,,,,
Judith (hult-),F,United States,USA,1956,Melbourne,Gymnastics,Gymnastics Women's Team Portable Apparatus,No medal,No,,,,,,,,,,,,,,
Judith (hult-),F,United States,USA,1956,Melbourne,Gymnastics,Gymnastics Women's Floor Exercise,No medal,No,,,,,,,,,,,,,,
Judith (hult-),F,United States,USA,1956,Melbourne,Gymnastics,Gymnastics Women's Horse Vault,No medal,No,,,,,,,,,,,,,,
Judith (hult-),F,United States,USA,1956,Melbourne,Gymnastics,Gymnastics Women's Uneven Bars,No medal,No,,,,,,,,,,,,,,
Judith (hult-),F,United States,USA,1956,Melbourne,Gymnastics,Gymnastics Women's Balance Beam,No medal,No,,,,,,,,,,,,,,
Terin Humphrey,F,United States,USA,2004,Athina,Gymnastics,Gymnastics Women's Individual All-Around,No medal,Yes,,,,,,,,,,,,,,
Terin Humphrey,F,United States,USA,2004,Athina,Gymnastics,Gymnastics Women's Team All-Around,Silver,Yes,,,,,,,,,,,,,,
Terin Humphrey,F,United States,USA,2004,Athina,Gymnastics,Gymnastics Women's Floor Exercise,No medal,Yes,,,,,,,,,,,,,,
Terin Humphrey,F,United States,USA,2004,Athina,Gymnastics,Gymnastics Women's Uneven Bars,Silver,Yes,,,,,,,,,,,,,,
Terin Humphrey,F,United States,USA,2004,Athina,Gymnastics,Gymnastics Women's Balance Beam,No medal,Yes,,,,,,,,,,,,,,
Brandy (-scharpf),F,United States,USA,1988,Seoul,Gymnastics,Gymnastics Women's Individual All-Around,No medal,No,,,,,,,,,,,,,,
Brandy (-scharpf),F,United States,USA,1988,Seoul,Gymnastics,Gymnastics Women's Team All-Around,No medal,No,,,,,,,,,,,,,,
Brandy (-scharpf),F,United States,USA,1988,Seoul,Gymnastics,Gymnastics Women's Floor Exercise,No medal,No,,,,,,,,,,,,,,
Brandy (-scharpf),F,United States,USA,1988,Seoul,Gymnastics,Gymnastics Women's Horse Vault,No medal,No,,,,,,,,,,,,,,
Brandy (-scharpf),F,United States,USA,1988,Seoul,Gymnastics,Gymnastics Women's Uneven Bars,No medal,No,,,,,,,,,,,,,,
Brandy (-scharpf),F,United States,USA,1988,Seoul,Gymnastics,Gymnastics Women's Balance Beam,No medal,No,,,,,,,,,,,,,,
Kathleen (-clarke),F,United States,USA,1984,Los Angeles,Gymnastics,Gymnastics Women's Individual All-Around,No medal,Yes,,,,,,,,,,,,,,
Kathleen (-clarke),F,United States,USA,1984,Los Angeles,Gymnastics,Gymnastics Women's Team All-Around,Silver,Yes,,,,,,,,,,,,,,
Kathleen (-clarke),F,United States,USA,1984,Los Angeles,Gymnastics,Gymnastics Women's Floor Exercise,No medal,Yes,,,,,,,,,,,,,,
Kathleen (-clarke),F,United States,USA,1984,Los Angeles,Gymnastics,Gymnastics Women's Horse Vault,No medal,Yes,,,,,,,,,,,,,,
Kathleen (-clarke),F,United States,USA,1984,Los Angeles,Gymnastics,Gymnastics Women's Uneven Bars,No medal,Yes,,,,,,,,,,,,,,
Kathleen (-clarke),F,United States,USA,1984,Los Angeles,Gymnastics,Gymnastics Women's Balance Beam,Bronze,Yes,,,,,,,,,,,,,,
Shawn (-east),F,United States,USA,2008,Beijing,Gymnastics,Gymnastics Women's Individual All-Around,Silver,Yes,,,,,,,,,,,,,,
Shawn (-east),F,United States,USA,2008,Beijing,Gymnastics,Gymnastics Women's Team All-Around,Silver,Yes,,,,,,,,,,,,,,
Shawn (-east),F,United States,USA,2008,Beijing,Gymnastics,Gymnastics Women's Floor Exercise,Silver,Yes,,,,,,,,,,,,,,
Shawn (-east),F,United States,USA,2008,Beijing,Gymnastics,Gymnastics Women's Uneven Bars,No medal,Yes,,,,,,,,,,,,,,
Shawn (-east),F,United States,USA,2008,Beijing,Gymnastics,Gymnastics Women's Balance Beam,Gold,Yes,,,,,,,,,,,,,,
Marie (-phillips),F,United States,USA,1936,Berlin,Gymnastics,Gymnastics Women's Team All-Around,No medal,No,,,,,,,,,,,,,,
Doris (-cannon),F,United States,USA,1952,Helsinki,Gymnastics,Gymnastics Women's Individual All-Around,No medal,No,,,,,,,,,,,,,,
Doris (-cannon),F,United States,USA,1952,Helsinki,Gymnastics,Gymnastics Women's Team All-Around,No medal,No,,,,,,,,,,,,,,
Doris (-cannon),F,United States,USA,1952,Helsinki,Gymnastics,Gymnastics Women's Team Portable Apparatus,No medal,No,,,,,,,,,,,,,,
Doris (-cannon),F,United States,USA,1952,Helsinki,Gymnastics,Gymnastics Women's Floor Exercise,No medal,No,,,,,,,,,,,,,,
Doris (-cannon),F,United States,USA,1952,Helsinki,Gymnastics,Gymnastics Women's Horse Vault,No medal,No,,,,,,,,,,,,,,
Doris (-cannon),F,United States,USA,1952,Helsinki,Gymnastics,Gymnastics Women's Uneven Bars,No medal,No,,,,,,,,,,,,,,
Doris (-cannon),F,United States,USA,1952,Helsinki,Gymnastics,Gymnastics Women's Balance Beam,No medal,No,,,,,,,,,,,,,,
Jacquelyn (-fie),F,United States,USA,1956,Melbourne,Gymnastics,Gymnastics Women's Individual All-Around,No medal,No,,,,,,,,,,,,,,
Jacquelyn (-fie),F,United States,USA,1956,Melbourne,Gymnastics,Gymnastics Women's Team All-Around,No medal,No,,,,,,,,,,,,,,
Jacquelyn (-fie),F,United States,USA,1956,Melbourne,Gymnastics,Gymnastics Women's Team Portable Apparatus,No medal,No,,,,,,,,,,,,,,
Jacquelyn (-fie),F,United States,USA,1956,Melbourne,Gymnastics,Gymnastics Women's Floor Exercise,No medal,No,,,,,,,,,,,,,,
Jacquelyn (-fie),F,United States,USA,1956,Melbourne,Gymnastics,Gymnastics Women's Horse Vault,No medal,No,,,,,,,,,,,,,,
Jacquelyn (-fie),F,United States,USA,1956,Melbourne,Gymnastics,Gymnastics Women's Uneven Bars,No medal,No,,,,,,,,,,,,,,
Jacquelyn (-fie),F,United States,USA,1956,Melbourne,Gymnastics,Gymnastics Women's Balance Beam,No medal,No,,,,,,,,,,,,,,
Madison Kocian,F,United States,USA,2016,Rio de Janeiro,Gymnastics,Gymnastics Women's Team All-Around,Gold,Yes,,,,,,,,,,,,,,
Madison Kocian,F,United States,USA,2016,Rio de Janeiro,Gymnastics,Gymnastics Women's Uneven Bars,Silver,Yes,,,,,,,,,,,,,,
Courtney (-carter),F,United States,USA,2004,Athina,Gymnastics,Gymnastics Women's Individual All-Around,No medal,Yes,,,,,,,,,,,,,,
Courtney (-carter),F,United States,USA,2004,Athina,Gymnastics,Gymnastics Women's Team All-Around,Silver,Yes,,,,,,,,,,,,,,
Courtney (-carter),F,United States,USA,2004,Athina,Gymnastics,Gymnastics Women's Floor Exercise,No medal,Yes,,,,,,,,,,,,,,
Courtney (-carter),F,United States,USA,2004,Athina,Gymnastics,Gymnastics Women's Horse Vault,No medal,Yes,,,,,,,,,,,,,,
Courtney (-carter),F,United States,USA,2004,Athina,Gymnastics,Gymnastics Women's Uneven Bars,Bronze,Yes,,,,,,,,,,,,,,
Courtney (-carter),F,United States,USA,2004,Athina,Gymnastics,Gymnastics Women's Balance Beam,No medal,Yes,,,,,,,,,,,,,,
Anastasiya Liukin,F,United States,USA,2008,Beijing,Gymnastics,Gymnastics Women's Individual All-Around,Gold,Yes,,,,,,,,,,,,,,
Anastasiya Liukin,F,United States,USA,2008,Beijing,Gymnastics,Gymnastics Women's Team All-Around,Silver,Yes,,,,,,,,,,,,,,
Anastasiya Liukin,F,United States,USA,2008,Beijing,Gymnastics,Gymnastics Women's Floor Exercise,Bronze,Yes,,,,,,,,,,,,,,
Anastasiya Liukin,F,United States,USA,2008,Beijing,Gymnastics,Gymnastics Women's Uneven Bars,Silver,Yes,,,,,,,,,,,,,,
Anastasiya Liukin,F,United States,USA,2008,Beijing,Gymnastics,Gymnastics Women's Balance Beam,Silver,Yes,,,,,,,,,,,,,,
Ada -hutcheon),F,United States,USA,1936,Berlin,Gymnastics,Gymnastics Women's Team All-Around,No medal,No,,,,,,,,,,,,,,
Kristen Maloney,F,United States,USA,2000,Sydney,Gymnastics,Gymnastics Women's Individual All-Around,No medal,Yes,,,,,,,,,,,,,,
Kristen Maloney,F,United States,USA,2000,Sydney,Gymnastics,Gymnastics Women's Team All-Around,Bronze,Yes,,,,,,,,,,,,,,
Kristen Maloney,F,United States,USA,2000,Sydney,Gymnastics,Gymnastics Women's Floor Exercise,No medal,Yes,,,,,,,,,,,,,,
Kristen Maloney,F,United States,USA,2000,Sydney,Gymnastics,Gymnastics Women's Horse Vault,No medal,Yes,,,,,,,,,,,,,,
Kristen Maloney,F,United States,USA,2000,Sydney,Gymnastics,Gymnastics Women's Uneven Bars,No medal,Yes,,,,,,,,,,,,,,
Kristen Maloney,F,United States,USA,2000,Sydney,Gymnastics,Gymnastics Women's Balance Beam,No medal,Yes,,,,,,,,,,,,,,
Melissa (-clausi),F,United States,USA,1988,Seoul,Gymnastics,Gymnastics Women's Individual All-Around,No medal,No,,,,,,,,,,,,,,
Melissa (-clausi),F,United States,USA,1988,Seoul,Gymnastics,Gymnastics Women's Team All-Around,No medal,No,,,,,,,,,,,,,,
Melissa (-clausi),F,United States,USA,1988,Seoul,Gymnastics,Gymnastics Women's Floor Exercise,No medal,No,,,,,,,,,,,,,,
Melissa (-clausi),F,United States,USA,1988,Seoul,Gymnastics,Gymnastics Women's Horse Vault,No medal,No,,,,,,,,,,,,,,
Melissa (-clausi),F,United States,USA,1988,Seoul,Gymnastics,Gymnastics Women's Uneven Bars,No medal,No,,,,,,,,,,,,,,
Melissa (-clausi),F,United States,USA,1988,Seoul,Gymnastics,Gymnastics Women's Balance Beam,No medal,No,,,,,,,,,,,,,,
McKayla Maroney,F,United States,USA,2012,London,Gymnastics,Gymnastics Women's Team All-Around,Gold,Yes,,,,,,,,,,,,,,
McKayla Maroney,F,United States,USA,2012,London,Gymnastics,Gymnastics Women's Horse Vault,Silver,Yes,,,,,,,,,,,,,,
Elizabeth (-harrington),F,United States,USA,1960,Roma,Gymnastics,Gymnastics Women's Individual All-Around,No medal,No,,,,,,,,,,,,,,
Elizabeth (-harrington),F,United States,USA,1960,Roma,Gymnastics,Gymnastics Women's Team All-Around,No medal,No,,,,,,,,,,,,,,
Elizabeth (-harrington),F,United States,USA,1960,Roma,Gymnastics,Gymnastics Women's Floor Exercise,No medal,No,,,,,,,,,,,,,,
Elizabeth (-harrington),F,United States,USA,1960,Roma,Gymnastics,Gymnastics Women's Horse Vault,No medal,No,,,,,,,,,,,,,,
Elizabeth (-harrington),F,United States,USA,1960,Roma,Gymnastics,Gymnastics Women's Uneven Bars,No medal,No,,,,,,,,,,,,,,
Elizabeth (-harrington),F,United States,USA,1960,Roma,Gymnastics,Gymnastics Women's Balance Beam,No medal,No,,,,,,,,,,,,,,
Dorothy -kephart),F,United States,USA,1964,Tokyo,Gymnastics,Gymnastics Women's Individual All-Around,No medal,No,,,,,,,,,,,,,,
Dorothy -kephart),F,United States,USA,1964,Tokyo,Gymnastics,Gymnastics Women's Team All-Around,No medal,No,,,,,,,,,,,,,,
Dorothy -kephart),F,United States,USA,1964,Tokyo,Gymnastics,Gymnastics Women's Floor Exercise,No medal,No,,,,,,,,,,,,,,
Dorothy -kephart),F,United States,USA,1964,Tokyo,Gymnastics,Gymnastics Women's Horse Vault,No medal,No,,,,,,,,,,,,,,
Dorothy -kephart),F,United States,USA,1964,Tokyo,Gymnastics,Gymnastics Women's Uneven Bars,No medal,No,,,,,,,,,,,,,,
Dorothy -kephart),F,United States,USA,1964,Tokyo,Gymnastics,Gymnastics Women's Balance Beam,No medal,No,,,,,,,,,,,,,,
Courtney Mccool,F,United States,USA,2004,Athina,Gymnastics,Gymnastics Women's Individual All-Around,No medal,Yes,,,,,,,,,,,,,,
Courtney Mccool,F,United States,USA,2004,Athina,Gymnastics,Gymnastics Women's Team All-Around,Silver,Yes,,,,,,,,,,,,,,
Courtney Mccool,F,United States,USA,2004,Athina,Gymnastics,Gymnastics Women's Floor Exercise,No medal,Yes,,,,,,,,,,,,,,
Courtney Mccool,F,United States,USA,2004,Athina,Gymnastics,Gymnastics Women's Horse Vault,No medal,Yes,,,,,,,,,,,,,,
Courtney Mccool,F,United States,USA,2004,Athina,Gymnastics,Gymnastics Women's Uneven Bars,No medal,Yes,,,,,,,,,,,,,,
Courtney Mccool,F,United States,USA,2004,Athina,Gymnastics,Gymnastics Women's Balance Beam,No medal,Yes,,,,,,,,,,,,,,
Julianne (-zeile),F,United States,USA,1984,Los Angeles,Gymnastics,Gymnastics Women's Individual All-Around,No medal,Yes,,,,,,,,,,,,,,
Julianne (-zeile),F,United States,USA,1984,Los Angeles,Gymnastics,Gymnastics Women's Team All-Around,Silver,Yes,,,,,,,,,,,,,,
Julianne (-zeile),F,United States,USA,1984,Los Angeles,Gymnastics,Gymnastics Women's Floor Exercise,Silver,Yes,,,,,,,,,,,,,,
Julianne (-zeile),F,United States,USA,1984,Los Angeles,Gymnastics,Gymnastics Women's Horse Vault,No medal,Yes,,,,,,,,,,,,,,
Julianne (-zeile),F,United States,USA,1984,Los Angeles,Gymnastics,Gymnastics Women's Uneven Bars,Gold,Yes,,,,,,,,,,,,,,
Julianne (-zeile),F,United States,USA,1984,Los Angeles,Gymnastics,Gymnastics Women's Balance Beam,No medal,Yes,,,,,,,,,,,,,,
Chellsie (-maier),F,United States,USA,2008,Beijing,Gymnastics,Gymnastics Women's Individual All-Around,No medal,Yes,,,,,,,,,,,,,,
Chellsie (-maier),F,United States,USA,2008,Beijing,Gymnastics,Gymnastics Women's Team All-Around,Silver,Yes,,,,,,,,,,,,,,
Chellsie (-maier),F,United States,USA,2008,Beijing,Gymnastics,Gymnastics Women's Uneven Bars,No medal,Yes,,,,,,,,,,,,,,
Linda (-mulvihill),F,United States,USA,1964,Tokyo,Gymnastics,Gymnastics Women's Individual All-Around,No medal,No,,,,,,,,,,,,,,
Linda (-mulvihill),F,United States,USA,1964,Tokyo,Gymnastics,Gymnastics Women's Team All-Around,No medal,No,,,,,,,,,,,,,,
Linda (-mulvihill),F,United States,USA,1964,Tokyo,Gymnastics,Gymnastics Women's Floor Exercise,No medal,No,,,,,,,,,,,,,,
Linda (-mulvihill),F,United States,USA,1964,Tokyo,Gymnastics,Gymnastics Women's Horse Vault,No medal,No,,,,,,,,,,,,,,
Linda (-mulvihill),F,United States,USA,1964,Tokyo,Gymnastics,Gymnastics Women's Uneven Bars,No medal,No,,,,,,,,,,,,,,
Linda (-mulvihill),F,United States,USA,1964,Tokyo,Gymnastics,Gymnastics Women's Balance Beam,No medal,No,,,,,,,,,,,,,,
Linda (-mulvihill),F,United States,USA,1968,Mexico City,Gymnastics,Gymnastics Women's Individual All-Around,No medal,No,,,,,,,,,,,,,,
Linda (-mulvihill),F,United States,USA,1968,Mexico City,Gymnastics,Gymnastics Women's Team All-Around,No medal,No,,,,,,,,,,,,,,
Linda (-mulvihill),F,United States,USA,1968,Mexico City,Gymnastics,Gymnastics Women's Floor Exercise,No medal,No,,,,,,,,,,,,,,
Linda (-mulvihill),F,United States,USA,1968,Mexico City,Gymnastics,Gymnastics Women's Horse Vault,No medal,No,,,,,,,,,,,,,,
Linda (-mulvihill),F,United States,USA,1968,Mexico City,Gymnastics,Gymnastics Women's Uneven Bars,No medal,No,,,,,,,,,,,,,,
Linda (-mulvihill),F,United States,USA,1968,Mexico City,Gymnastics,Gymnastics Women's Balance Beam,No medal,No,,,,,,,,,,,,,,
Linda (-mulvihill),F,United States,USA,1972,Munich,Gymnastics,Gymnastics Women's Individual All-Around,No medal,No,,,,,,,,,,,,,,
Linda (-mulvihill),F,United States,USA,1972,Munich,Gymnastics,Gymnastics Women's Team All-Around,No medal,No,,,,,,,,,,,,,,
Linda (-mulvihill),F,United States,USA,1972,Munich,Gymnastics,Gymnastics Women's Floor Exercise,No medal,No,,,,,,,,,,,,,,
Linda (-mulvihill),F,United States,USA,1972,Munich,Gymnastics,Gymnastics Women's Horse Vault,No medal,No,,,,,,,,,,,,,,
Linda (-mulvihill),F,United States,USA,1972,Munich,Gymnastics,Gymnastics Women's Uneven Bars,No medal,No,,,,,,,,,,,,,,
Linda (-mulvihill),F,United States,USA,1972,Munich,Gymnastics,Gymnastics Women's Balance Beam,No medal,No,,,,,,,,,,,,,,
Adelaide Meyer,F,United States,USA,1936,Berlin,Gymnastics,Gymnastics Women's Team All-Around,No medal,No,,,,,,,,,,,,,,
Shannon -falconetti),F,United States,USA,1992,Barcelona,Gymnastics,Gymnastics Women's Individual All-Around,Silver,No,,,,,,,,,,,,,,
Shannon -falconetti),F,United States,USA,1992,Barcelona,Gymnastics,Gymnastics Women's Team All-Around,Bronze,No,,,,,,,,,,,,,,
Shannon -falconetti),F,United States,USA,1992,Barcelona,Gymnastics,Gymnastics Women's Floor Exercise,Bronze,No,,,,,,,,,,,,,,
Shannon -falconetti),F,United States,USA,1992,Barcelona,Gymnastics,Gymnastics Women's Horse Vault,No medal,No,,,,,,,,,,,,,,
Shannon -falconetti),F,United States,USA,1992,Barcelona,Gymnastics,Gymnastics Women's Uneven Bars,Bronze,No,,,,,,,,,,,,,,
Shannon -falconetti),F,United States,USA,1992,Barcelona,Gymnastics,Gymnastics Women's Balance Beam,Silver,No,,,,,,,,,,,,,,
Shannon -falconetti),F,United States,USA,1996,Atlanta,Gymnastics,Gymnastics Women's Individual All-Around,No medal,Yes,,,,,,,,,,,,,,
Shannon -falconetti),F,United States,USA,1996,Atlanta,Gymnastics,Gymnastics Women's Team All-Around,Gold,Yes,,,,,,,,,,,,,,
Shannon -falconetti),F,United States,USA,1996,Atlanta,Gymnastics,Gymnastics Women's Floor Exercise,No medal,Yes,,,,,,,,,,,,,,
Shannon -falconetti),F,United States,USA,1996,Atlanta,Gymnastics,Gymnastics Women's Horse Vault,No medal,Yes,,,,,,,,,,,,,,
Shannon -falconetti),F,United States,USA,1996,Atlanta,Gymnastics,Gymnastics Women's Uneven Bars,No medal,Yes,,,,,,,,,,,,,,
Shannon -falconetti),F,United States,USA,1996,Atlanta,Gymnastics,Gymnastics Women's Balance Beam,Gold,Yes,,,,,,,,,,,,,,
Phoebe Mills,F,United States,USA,1988,Seoul,Gymnastics,Gymnastics Women's Individual All-Around,No medal,No,,,,,,,,,,,,,,
Phoebe Mills,F,United States,USA,1988,Seoul,Gymnastics,Gymnastics Women's Team All-Around,No medal,No,,,,,,,,,,,,,,
Phoebe Mills,F,United States,USA,1988,Seoul,Gymnastics,Gymnastics Women's Floor Exercise,No medal,No,,,,,,,,,,,,,,
Phoebe Mills,F,United States,USA,1988,Seoul,Gymnastics,Gymnastics Women's Horse Vault,No medal,No,,,,,,,,,,,,,,
Phoebe Mills,F,United States,USA,1988,Seoul,Gymnastics,Gymnastics Women's Uneven Bars,No medal,No,,,,,,,,,,,,,,
Phoebe Mills,F,United States,USA,1988,Seoul,Gymnastics,Gymnastics Women's Balance Beam,Bronze,No,,,,,,,,,,,,,,
Dominique (-canales),F,United States,USA,1996,Atlanta,Gymnastics,Gymnastics Women's Individual All-Around,No medal,Yes,,,,,,,,,,,,,,
Dominique (-canales),F,United States,USA,1996,Atlanta,Gymnastics,Gymnastics Women's Team All-Around,Gold,Yes,,,,,,,,,,,,,,
Dominique (-canales),F,United States,USA,1996,Atlanta,Gymnastics,Gymnastics Women's Floor Exercise,No medal,Yes,,,,,,,,,,,,,,
Dominique (-canales),F,United States,USA,1996,Atlanta,Gymnastics,Gymnastics Women's Horse Vault,No medal,Yes,,,,,,,,,,,,,,
Dominique (-canales),F,United States,USA,1996,Atlanta,Gymnastics,Gymnastics Women's Uneven Bars,No medal,Yes,,,,,,,,,,,,,,
Dominique (-canales),F,United States,USA,1996,Atlanta,Gymnastics,Gymnastics Women's Balance Beam,No medal,Yes,,,,,,,,,,,,,,
Teresa (-miller),F,United States,USA,1960,Roma,Gymnastics,Gymnastics Women's Individual All-Around,No medal,No,,,,,,,,,,,,,,
Teresa (-miller),F,United States,USA,1960,Roma,Gymnastics,Gymnastics Women's Team All-Around,No medal,No,,,,,,,,,,,,,,
Teresa (-miller),F,United States,USA,1960,Roma,Gymnastics,Gymnastics Women's Floor Exercise,No medal,No,,,,,,,,,,,,,,
Teresa (-miller),F,United States,USA,1960,Roma,Gymnastics,Gymnastics Women's Horse Vault,No medal,No,,,,,,,,,,,,,,
Teresa (-miller),F,United States,USA,1960,Roma,Gymnastics,Gymnastics Women's Uneven Bars,No medal,No,,,,,,,,,,,,,,
Teresa (-miller),F,United States,USA,1960,Roma,Gymnastics,Gymnastics Women's Balance Beam,No medal,No,,,,,,,,,,,,,,
Joan -gnat),F,United States,USA,1972,Munich,Gymnastics,Gymnastics Women's Individual All-Around,No medal,No,,,,,,,,,,,,,,
Joan -gnat),F,United States,USA,1972,Munich,Gymnastics,Gymnastics Women's Team All-Around,No medal,No,,,,,,,,,,,,,,
Joan -gnat),F,United States,USA,1972,Munich,Gymnastics,Gymnastics Women's Floor Exercise,No medal,No,,,,,,,,,,,,,,
Joan -gnat),F,United States,USA,1972,Munich,Gymnastics,Gymnastics Women's Horse Vault,No medal,No,,,,,,,,,,,,,,
Joan -gnat),F,United States,USA,1972,Munich,Gymnastics,Gymnastics Women's Uneven Bars,No medal,No,,,,,,,,,,,,,,
Joan -gnat),F,United States,USA,1972,Munich,Gymnastics,Gymnastics Women's Balance Beam,No medal,No,,,,,,,,,,,,,,
Colleen Mulvihill,F,United States,USA,1968,Mexico City,Gymnastics,Gymnastics Women's Individual All-Around,No medal,No,,,,,,,,,,,,,,
Colleen Mulvihill,F,United States,USA,1968,Mexico City,Gymnastics,Gymnastics Women's Team All-Around,No medal,No,,,,,,,,,,,,,,
Colleen Mulvihill,F,United States,USA,1968,Mexico City,Gymnastics,Gymnastics Women's Floor Exercise,No medal,No,,,,,,,,,,,,,,
Colleen Mulvihill,F,United States,USA,1968,Mexico City,Gymnastics,Gymnastics Women's Horse Vault,No medal,No,,,,,,,,,,,,,,
Colleen Mulvihill,F,United States,USA,1968,Mexico City,Gymnastics,Gymnastics Women's Uneven Bars,No medal,No,,,,,,,,,,,,,,
Colleen Mulvihill,F,United States,USA,1968,Mexico City,Gymnastics,Gymnastics Women's Balance Beam,No medal,No,,,,,,,,,,,,,,
Elizabeth Okino,F,United States,USA,1992,Barcelona,Gymnastics,Gymnastics Women's Individual All-Around,No medal,No,,,,,,,,,,,,,,
Elizabeth Okino,F,United States,USA,1992,Barcelona,Gymnastics,Gymnastics Women's Team All-Around,Bronze,No,,,,,,,,,,,,,,
Elizabeth Okino,F,United States,USA,1992,Barcelona,Gymnastics,Gymnastics Women's Floor Exercise,No medal,No,,,,,,,,,,,,,,
Elizabeth Okino,F,United States,USA,1992,Barcelona,Gymnastics,Gymnastics Women's Horse Vault,No medal,No,,,,,,,,,,,,,,
Elizabeth Okino,F,United States,USA,1992,Barcelona,Gymnastics,Gymnastics Women's Uneven Bars,No medal,No,,,,,,,,,,,,,,
Elizabeth Okino,F,United States,USA,1992,Barcelona,Gymnastics,Gymnastics Women's Balance Beam,No medal,No,,,,,,,,,,,,,,
Carly (-caldwell),F,United States,USA,2004,Athina,Gymnastics,Gymnastics Women's Individual All-Around,Gold,Yes,,,,,,,,,,,,,,
Carly (-caldwell),F,United States,USA,2004,Athina,Gymnastics,Gymnastics Women's Team All-Around,Silver,Yes,,,,,,,,,,,,,,
Carly (-caldwell),F,United States,USA,2004,Athina,Gymnastics,Gymnastics Women's Floor Exercise,No medal,Yes,,,,,,,,,,,,,,
Carly (-caldwell),F,United States,USA,2004,Athina,Gymnastics,Gymnastics Women's Horse Vault,No medal,Yes,,,,,,,,,,,,,,
Carly (-caldwell),F,United States,USA,2004,Athina,Gymnastics,Gymnastics Women's Uneven Bars,No medal,Yes,,,,,,,,,,,,,,
Carly (-caldwell),F,United States,USA,2004,Athina,Gymnastics,Gymnastics Women's Balance Beam,Silver,Yes,,,,,,,,,,,,,,
Samantha Peszek,F,United States,USA,2008,Beijing,Gymnastics,Gymnastics Women's Individual All-Around,No medal,Yes,,,,,,,,,,,,,,
Samantha Peszek,F,United States,USA,2008,Beijing,Gymnastics,Gymnastics Women's Team All-Around,Silver,Yes,,,,,,,,,,,,,,
Samantha Peszek,F,United States,USA,2008,Beijing,Gymnastics,Gymnastics Women's Uneven Bars,No medal,Yes,,,,,,,,,,,,,,
Jaycie -marus),F,United States,USA,1996,Atlanta,Gymnastics,Gymnastics Women's Individual All-Around,No medal,Yes,,,,,,,,,,,,,,
Jaycie -marus),F,United States,USA,1996,Atlanta,Gymnastics,Gymnastics Women's Team All-Around,Gold,Yes,,,,,,,,,,,,,,
Jaycie -marus),F,United States,USA,1996,Atlanta,Gymnastics,Gymnastics Women's Floor Exercise,No medal,Yes,,,,,,,,,,,,,,
Jaycie -marus),F,United States,USA,1996,Atlanta,Gymnastics,Gymnastics Women's Horse Vault,No medal,Yes,,,,,,,,,,,,,,
Jaycie -marus),F,United States,USA,1996,Atlanta,Gymnastics,Gymnastics Women's Uneven Bars,No medal,Yes,,,,,,,,,,,,,,
Jaycie -marus),F,United States,USA,1996,Atlanta,Gymnastics,Gymnastics Women's Balance Beam,No medal,Yes,,,,,,,,,,,,,,
Roxanne (-mancha),F,United States,USA,1972,Munich,Gymnastics,Gymnastics Women's Individual All-Around,No medal,No,,,,,,,,,,,,,,
Roxanne (-mancha),F,United States,USA,1972,Munich,Gymnastics,Gymnastics Women's Team All-Around,No medal,No,,,,,,,,,,,,,,
Roxanne (-mancha),F,United States,USA,1972,Munich,Gymnastics,Gymnastics Women's Floor Exercise,No medal,No,,,,,,,,,,,,,,
Roxanne (-mancha),F,United States,USA,1972,Munich,Gymnastics,Gymnastics Women's Horse Vault,No medal,No,,,,,,,,,,,,,,
Roxanne (-mancha),F,United States,USA,1972,Munich,Gymnastics,Gymnastics Women's Uneven Bars,No medal,No,,,,,,,,,,,,,,
Roxanne (-mancha),F,United States,USA,1972,Munich,Gymnastics,Gymnastics Women's Balance Beam,No medal,No,,,,,,,,,,,,,,
Joyce -budrunas),F,United States,USA,1956,Melbourne,Gymnastics,Gymnastics Women's Individual All-Around,No medal,No,,,,,,,,,,,,,,
Joyce -budrunas),F,United States,USA,1956,Melbourne,Gymnastics,Gymnastics Women's Team All-Around,No medal,No,,,,,,,,,,,,,,
Joyce -budrunas),F,United States,USA,1956,Melbourne,Gymnastics,Gymnastics Women's Team Portable Apparatus,No medal,No,,,,,,,,,,,,,,
Joyce -budrunas),F,United States,USA,1956,Melbourne,Gymnastics,Gymnastics Women's Floor Exercise,No medal,No,,,,,,,,,,,,,,
Joyce -budrunas),F,United States,USA,1956,Melbourne,Gymnastics,Gymnastics Women's Horse Vault,No medal,No,,,,,,,,,,,,,,
Joyce -budrunas),F,United States,USA,1956,Melbourne,Gymnastics,Gymnastics Women's Uneven Bars,No medal,No,,,,,,,,,,,,,,
Joyce -budrunas),F,United States,USA,1956,Melbourne,Gymnastics,Gymnastics Women's Balance Beam,No medal,No,,,,,,,,,,,,,,
Alexandra Raisman,F,United States,USA,2012,London,Gymnastics,Gymnastics Women's Individual All-Around,No medal,Yes,,,,,,,,,,,,,,
Alexandra Raisman,F,United States,USA,2012,London,Gymnastics,Gymnastics Women's Team All-Around,Gold,Yes,,,,,,,,,,,,,,
Alexandra Raisman,F,United States,USA,2012,London,Gymnastics,Gymnastics Women's Floor Exercise,Gold,Yes,,,,,,,,,,,,,,
Alexandra Raisman,F,United States,USA,2012,London,Gymnastics,Gymnastics Women's Uneven Bars,No medal,Yes,,,,,,,,,,,,,,
Alexandra Raisman,F,United States,USA,2012,London,Gymnastics,Gymnastics Women's Balance Beam,Bronze,Yes,,,,,,,,,,,,,,
Alexandra Raisman,F,United States,USA,2016,Rio de Janeiro,Gymnastics,Gymnastics Women's Individual All-Around,Silver,Yes,,,,,,,,,,,,,,
Alexandra Raisman,F,United States,USA,2016,Rio de Janeiro,Gymnastics,Gymnastics Women's Team All-Around,Gold,Yes,,,,,,,,,,,,,,
Alexandra Raisman,F,United States,USA,2016,Rio de Janeiro,Gymnastics,Gymnastics Women's Floor Exercise,Silver,Yes,,,,,,,,,,,,,,
Alexandra Raisman,F,United States,USA,2016,Rio de Janeiro,Gymnastics,Gymnastics Women's Uneven Bars,No medal,Yes,,,,,,,,,,,,,,
Alexandra Raisman,F,United States,USA,2016,Rio de Janeiro,Gymnastics,Gymnastics Women's Balance Beam,No medal,Yes,,,,,,,,,,,,,,
Mary Ray,F,United States,USA,2000,Sydney,Gymnastics,Gymnastics Women's Individual All-Around,No medal,Yes,,,,,,,,,,,,,,
Mary Ray,F,United States,USA,2000,Sydney,Gymnastics,Gymnastics Women's Team All-Around,Bronze,Yes,,,,,,,,,,,,,,
Mary Ray,F,United States,USA,2000,Sydney,Gymnastics,Gymnastics Women's Floor Exercise,No medal,Yes,,,,,,,,,,,,,,
Mary Ray,F,United States,USA,2000,Sydney,Gymnastics,Gymnastics Women's Horse Vault,No medal,Yes,,,,,,,,,,,,,,
Mary Ray,F,United States,USA,2000,Sydney,Gymnastics,Gymnastics Women's Uneven Bars,No medal,Yes,,,,,,,,,,,,,,
Mary Ray,F,United States,USA,2000,Sydney,Gymnastics,Gymnastics Women's Balance Beam,No medal,Yes,,,,,,,,,,,,,,
Mary (-kelley),F,United States,USA,1984,Los Angeles,Gymnastics,Gymnastics Women's Individual All-Around,Gold,Yes,,,,,,,,,,,,,,
Mary (-kelley),F,United States,USA,1984,Los Angeles,Gymnastics,Gymnastics Women's Team All-Around,Silver,Yes,,,,,,,,,,,,,,
Mary (-kelley),F,United States,USA,1984,Los Angeles,Gymnastics,Gymnastics Women's Floor Exercise,Bronze,Yes,,,,,,,,,,,,,,
Mary (-kelley),F,United States,USA,1984,Los Angeles,Gymnastics,Gymnastics Women's Horse Vault,Silver,Yes,,,,,,,,,,,,,,
Mary (-kelley),F,United States,USA,1984,Los Angeles,Gymnastics,Gymnastics Women's Uneven Bars,Bronze,Yes,,,,,,,,,,,,,,
Mary (-kelley),F,United States,USA,1984,Los Angeles,Gymnastics,Gymnastics Women's Balance Beam,No medal,Yes,,,,,,,,,,,,,,
Sharon (-zuber),F,United States,USA,1960,Roma,Gymnastics,Gymnastics Women's Individual All-Around,No medal,No,,,,,,,,,,,,,,
Sharon (-zuber),F,United States,USA,1960,Roma,Gymnastics,Gymnastics Women's Team All-Around,No medal,No,,,,,,,,,,,,,,
Sharon (-zuber),F,United States,USA,1960,Roma,Gymnastics,Gymnastics Women's Floor Exercise,No medal,No,,,,,,,,,,,,,,
Sharon (-zuber),F,United States,USA,1960,Roma,Gymnastics,Gymnastics Women's Horse Vault,No medal,No,,,,,,,,,,,,,,
Sharon (-zuber),F,United States,USA,1960,Roma,Gymnastics,Gymnastics Women's Uneven Bars,No medal,No,,,,,,,,,,,,,,
Sharon (-zuber),F,United States,USA,1960,Roma,Gymnastics,Gymnastics Women's Balance Beam,No medal,No,,,,,,,,,,,,,,
Cathleen -mccoy),F,United States,USA,1968,Mexico City,Gymnastics,Gymnastics Women's Individual All-Around,No medal,No,,,,,,,,,,,,,,
Cathleen -mccoy),F,United States,USA,1968,Mexico City,Gymnastics,Gymnastics Women's Team All-Around,No medal,No,,,,,,,,,,,,,,
Cathleen -mccoy),F,United States,USA,1968,Mexico City,Gymnastics,Gymnastics Women's Floor Exercise,No medal,No,,,,,,,,,,,,,,
Cathleen -mccoy),F,United States,USA,1968,Mexico City,Gymnastics,Gymnastics Women's Horse Vault,No medal,No,,,,,,,,,,,,,,
Cathleen -mccoy),F,United States,USA,1968,Mexico City,Gymnastics,Gymnastics Women's Uneven Bars,No medal,No,,,,,,,,,,,,,,
Cathleen -mccoy),F,United States,USA,1968,Mexico City,Gymnastics,Gymnastics Women's Balance Beam,No medal,No,,,,,,,,,,,,,,
Cathleen -mccoy),F,United States,USA,1972,Munich,Gymnastics,Gymnastics Women's Individual All-Around,No medal,No,,,,,,,,,,,,,,
Cathleen -mccoy),F,United States,USA,1972,Munich,Gymnastics,Gymnastics Women's Team All-Around,No medal,No,,,,,,,,,,,,,,
Cathleen -mccoy),F,United States,USA,1972,Munich,Gymnastics,Gymnastics Women's Floor Exercise,No medal,No,,,,,,,,,,,,,,
Cathleen -mccoy),F,United States,USA,1972,Munich,Gymnastics,Gymnastics Women's Horse Vault,No medal,No,,,,,,,,,,,,,,
Cathleen -mccoy),F,United States,USA,1972,Munich,Gymnastics,Gymnastics Women's Uneven Bars,No medal,No,,,,,,,,,,,,,,
Cathleen -mccoy),F,United States,USA,1972,Munich,Gymnastics,Gymnastics Women's Balance Beam,No medal,No,,,,,,,,,,,,,,
Kyla Ross,F,United States,USA,2012,London,Gymnastics,Gymnastics Women's Team All-Around,Gold,Yes,,,,,,,,,,,,,,
Kyla Ross,F,United States,USA,2012,London,Gymnastics,Gymnastics Women's Floor Exercise,No medal,Yes,,,,,,,,,,,,,,
Kyla Ross,F,United States,USA,2012,London,Gymnastics,Gymnastics Women's Uneven Bars,No medal,Yes,,,,,,,,,,,,,,
Kyla Ross,F,United States,USA,2012,London,Gymnastics,Gymnastics Women's Balance Beam,No medal,Yes,,,,,,,,,,,,,,
Sandra -john),F,United States,USA,1956,Melbourne,Gymnastics,Gymnastics Women's Individual All-Around,No medal,No,,,,,,,,,,,,,,
Sandra -john),F,United States,USA,1956,Melbourne,Gymnastics,Gymnastics Women's Team All-Around,No medal,No,,,,,,,,,,,,,,
Sandra -john),F,United States,USA,1956,Melbourne,Gymnastics,Gymnastics Women's Team Portable Apparatus,No medal,No,,,,,,,,,,,,,,
Sandra -john),F,United States,USA,1956,Melbourne,Gymnastics,Gymnastics Women's Floor Exercise,No medal,No,,,,,,,,,,,,,,
Sandra -john),F,United States,USA,1956,Melbourne,Gymnastics,Gymnastics Women's Horse Vault,No medal,No,,,,,,,,,,,,,,
Sandra -john),F,United States,USA,1956,Melbourne,Gymnastics,Gymnastics Women's Uneven Bars,No medal,No,,,,,,,,,,,,,,
Sandra -john),F,United States,USA,1956,Melbourne,Gymnastics,Gymnastics Women's Balance Beam,No medal,No,,,,,,,,,,,,,,
Alicia (-quinn),F,United States,USA,2008,Beijing,Gymnastics,Gymnastics Women's Individual All-Around,No medal,Yes,,,,,,,,,,,,,,
Alicia (-quinn),F,United States,USA,2008,Beijing,Gymnastics,Gymnastics Women's Team All-Around,Silver,Yes,,,,,,,,,,,,,,
Alicia (-quinn),F,United States,USA,2008,Beijing,Gymnastics,Gymnastics Women's Floor Exercise,No medal,Yes,,,,,,,,,,,,,,
Alicia (-quinn),F,United States,USA,2008,Beijing,Gymnastics,Gymnastics Women's Horse Vault,No medal,Yes,,,,,,,,,,,,,,
Alicia (-quinn),F,United States,USA,2008,Beijing,Gymnastics,Gymnastics Women's Balance Beam,No medal,Yes,,,,,,,,,,,,,,
Helen (-sjursen),F,United States,USA,1948,London,Gymnastics,Gymnastics Women's Team All-Around,Bronze,No,,,,,,,,,,,,,,
Clara Schroth-lomady,F,United States,USA,1948,London,Gymnastics,Gymnastics Women's Team All-Around,Bronze,No,,,,,,,,,,,,,,
Clara Schroth-lomady,F,United States,USA,1952,Helsinki,Gymnastics,Gymnastics Women's Individual All-Around,No medal,No,,,,,,,,,,,,,,
Clara Schroth-lomady,F,United States,USA,1952,Helsinki,Gymnastics,Gymnastics Women's Team All-Around,No medal,No,,,,,,,,,,,,,,
Clara Schroth-lomady,F,United States,USA,1952,Helsinki,Gymnastics,Gymnastics Women's Team Portable Apparatus,No medal,No,,,,,,,,,,,,,,
Clara Schroth-lomady,F,United States,USA,1952,Helsinki,Gymnastics,Gymnastics Women's Floor Exercise,No medal,No,,,,,,,,,,,,,,
Clara Schroth-lomady,F,United States,USA,1952,Helsinki,Gymnastics,Gymnastics Women's Horse Vault,No medal,No,,,,,,,,,,,,,,
Clara Schroth-lomady,F,United States,USA,1952,Helsinki,Gymnastics,Gymnastics Women's Uneven Bars,No medal,No,,,,,,,,,,,,,,
Clara Schroth-lomady,F,United States,USA,1952,Helsinki,Gymnastics,Gymnastics Women's Balance Beam,No medal,No,,,,,,,,,,,,,,
Tasha Schwikert-warren,F,United States,USA,2000,Sydney,Gymnastics,Gymnastics Women's Individual All-Around,No medal,Yes,,,,,,,,,,,,,,
Tasha Schwikert-warren,F,United States,USA,2000,Sydney,Gymnastics,Gymnastics Women's Team All-Around,Bronze,Yes,,,,,,,,,,,,,,
Tasha Schwikert-warren,F,United States,USA,2000,Sydney,Gymnastics,Gymnastics Women's Uneven Bars,No medal,Yes,,,,,,,,,,,,,,
Tasha Schwikert-warren,F,United States,USA,2000,Sydney,Gymnastics,Gymnastics Women's Balance Beam,No medal,Yes,,,,,,,,,,,,,,
Anita (-zetts),F,United States,USA,1948,London,Gymnastics,Gymnastics Women's Team All-Around,Bronze,No,,,,,,,,,,,,,,
Bridget Sloan,F,United States,USA,2008,Beijing,Gymnastics,Gymnastics Women's Individual All-Around,No medal,Yes,,,,,,,,,,,,,,
Bridget Sloan,F,United States,USA,2008,Beijing,Gymnastics,Gymnastics Women's Team All-Around,Silver,Yes,,,,,,,,,,,,,,
Bridget Sloan,F,United States,USA,2008,Beijing,Gymnastics,Gymnastics Women's Floor Exercise,No medal,Yes,,,,,,,,,,,,,,
Bridget Sloan,F,United States,USA,2008,Beijing,Gymnastics,Gymnastics Women's Uneven Bars,No medal,Yes,,,,,,,,,,,,,,
Bridget Sloan,F,United States,USA,2008,Beijing,Gymnastics,Gymnastics Women's Balance Beam,No medal,Yes,,,,,,,,,,,,,,
Gail (-whitney),F,United States,USA,1960,Roma,Gymnastics,Gymnastics Women's Individual All-Around,No medal,No,,,,,,,,,,,,,,
Gail (-whitney),F,United States,USA,1960,Roma,Gymnastics,Gymnastics Women's Team All-Around,No medal,No,,,,,,,,,,,,,,
Gail (-whitney),F,United States,USA,1960,Roma,Gymnastics,Gymnastics Women's Floor Exercise,No medal,No,,,,,,,,,,,,,,
Gail (-whitney),F,United States,USA,1960,Roma,Gymnastics,Gymnastics Women's Horse Vault,No medal,No,,,,,,,,,,,,,,
Gail (-whitney),F,United States,USA,1960,Roma,Gymnastics,Gymnastics Women's Uneven Bars,No medal,No,,,,,,,,,,,,,,
Gail (-whitney),F,United States,USA,1960,Roma,Gymnastics,Gymnastics Women's Balance Beam,No medal,No,,,,,,,,,,,,,,
Janice -hunter),F,United States,USA,1964,Tokyo,Gymnastics,Gymnastics Women's Individual All-Around,No medal,No,,,,,,,,,,,,,,
Janice -hunter),F,United States,USA,1964,Tokyo,Gymnastics,Gymnastics Women's Team All-Around,No medal,No,,,,,,,,,,,,,,
Janice -hunter),F,United States,USA,1964,Tokyo,Gymnastics,Gymnastics Women's Floor Exercise,No medal,No,,,,,,,,,,,,,,
Janice -hunter),F,United States,USA,1964,Tokyo,Gymnastics,Gymnastics Women's Horse Vault,No medal,No,,,,,,,,,,,,,,
Janice -hunter),F,United States,USA,1964,Tokyo,Gymnastics,Gymnastics Women's Uneven Bars,No medal,No,,,,,,,,,,,,,,
Janice -hunter),F,United States,USA,1964,Tokyo,Gymnastics,Gymnastics Women's Balance Beam,No medal,No,,,,,,,,,,,,,,
Theresa -coburn),F,United States,USA,1988,Seoul,Gymnastics,Gymnastics Women's Individual All-Around,No medal,No,,,,,,,,,,,,,,
Theresa -coburn),F,United States,USA,1988,Seoul,Gymnastics,Gymnastics Women's Team All-Around,No medal,No,,,,,,,,,,,,,,
Theresa -coburn),F,United States,USA,1988,Seoul,Gymnastics,Gymnastics Women's Floor Exercise,No medal,No,,,,,,,,,,,,,,
Theresa -coburn),F,United States,USA,1988,Seoul,Gymnastics,Gymnastics Women's Horse Vault,No medal,No,,,,,,,,,,,,,,
Theresa -coburn),F,United States,USA,1988,Seoul,Gymnastics,Gymnastics Women's Uneven Bars,No medal,No,,,,,,,,,,,,,,
Theresa -coburn),F,United States,USA,1988,Seoul,Gymnastics,Gymnastics Women's Balance Beam,No medal,No,,,,,,,,,,,,,,
Carrol Stack,F,United States,USA,1988,Seoul,Gymnastics,Gymnastics Women's Individual All-Around,No medal,No,,,,,,,,,,,,,,
Carrol Stack,F,United States,USA,1988,Seoul,Gymnastics,Gymnastics Women's Team All-Around,No medal,No,,,,,,,,,,,,,,
Carrol Stack,F,United States,USA,1988,Seoul,Gymnastics,Gymnastics Women's Floor Exercise,No medal,No,,,,,,,,,,,,,,
Carrol Stack,F,United States,USA,1988,Seoul,Gymnastics,Gymnastics Women's Horse Vault,No medal,No,,,,,,,,,,,,,,
Carrol Stack,F,United States,USA,1988,Seoul,Gymnastics,Gymnastics Women's Uneven Bars,No medal,No,,,,,,,,,,,,,,
Carrol Stack,F,United States,USA,1988,Seoul,Gymnastics,Gymnastics Women's Balance Beam,No medal,No,,,,,,,,,,,,,,
Kerri (-fischer),F,United States,USA,1992,Barcelona,Gymnastics,Gymnastics Women's Individual All-Around,No medal,No,,,,,,,,,,,,,,
Kerri (-fischer),F,United States,USA,1992,Barcelona,Gymnastics,Gymnastics Women's Team All-Around,Bronze,No,,,,,,,,,,,,,,
Kerri (-fischer),F,United States,USA,1992,Barcelona,Gymnastics,Gymnastics Women's Floor Exercise,No medal,No,,,,,,,,,,,,,,
Kerri (-fischer),F,United States,USA,1992,Barcelona,Gymnastics,Gymnastics Women's Horse Vault,No medal,No,,,,,,,,,,,,,,
Kerri (-fischer),F,United States,USA,1992,Barcelona,Gymnastics,Gymnastics Women's Uneven Bars,No medal,No,,,,,,,,,,,,,,
Kerri (-fischer),F,United States,USA,1992,Barcelona,Gymnastics,Gymnastics Women's Balance Beam,No medal,No,,,,,,,,,,,,,,
Kerri (-fischer),F,United States,USA,1996,Atlanta,Gymnastics,Gymnastics Women's Individual All-Around,No medal,Yes,,,,,,,,,,,,,,
Kerri (-fischer),F,United States,USA,1996,Atlanta,Gymnastics,Gymnastics Women's Team All-Around,Gold,Yes,,,,,,,,,,,,,,
Kerri (-fischer),F,United States,USA,1996,Atlanta,Gymnastics,Gymnastics Women's Floor Exercise,No medal,Yes,,,,,,,,,,,,,,
Kerri (-fischer),F,United States,USA,1996,Atlanta,Gymnastics,Gymnastics Women's Horse Vault,No medal,Yes,,,,,,,,,,,,,,
Kerri (-fischer),F,United States,USA,1996,Atlanta,Gymnastics,Gymnastics Women's Uneven Bars,No medal,Yes,,,,,,,,,,,,,,
Kerri (-fischer),F,United States,USA,1996,Atlanta,Gymnastics,Gymnastics Women's Balance Beam,No medal,Yes,,,,,,,,,,,,,,
Tracee (-kent),F,United States,USA,1984,Los Angeles,Gymnastics,Gymnastics Women's Individual All-Around,No medal,Yes,,,,,,,,,,,,,,
Tracee (-kent),F,United States,USA,1984,Los Angeles,Gymnastics,Gymnastics Women's Team All-Around,Silver,Yes,,,,,,,,,,,,,,
Tracee (-kent),F,United States,USA,1984,Los Angeles,Gymnastics,Gymnastics Women's Floor Exercise,No medal,Yes,,,,,,,,,,,,,,
Tracee (-kent),F,United States,USA,1984,Los Angeles,Gymnastics,Gymnastics Women's Horse Vault,No medal,Yes,,,,,,,,,,,,,,
Tracee (-kent),F,United States,USA,1984,Los Angeles,Gymnastics,Gymnastics Women's Uneven Bars,No medal,Yes,,,,,,,,,,,,,,
Tracee (-kent),F,United States,USA,1984,Los Angeles,Gymnastics,Gymnastics Women's Balance Beam,No medal,Yes,,,,,,,,,,,,,,
Joyce (-schroeder),F,United States,USA,1968,Mexico City,Gymnastics,Gymnastics Women's Individual All-Around,No medal,No,,,,,,,,,,,,,,
Joyce (-schroeder),F,United States,USA,1968,Mexico City,Gymnastics,Gymnastics Women's Team All-Around,No medal,No,,,,,,,,,,,,,,
Joyce (-schroeder),F,United States,USA,1968,Mexico City,Gymnastics,Gymnastics Women's Floor Exercise,No medal,No,,,,,,,,,,,,,,
Joyce (-schroeder),F,United States,USA,1968,Mexico City,Gymnastics,Gymnastics Women's Horse Vault,No medal,No,,,,,,,,,,,,,,
Joyce (-schroeder),F,United States,USA,1968,Mexico City,Gymnastics,Gymnastics Women's Uneven Bars,No medal,No,,,,,,,,,,,,,,
Joyce (-schroeder),F,United States,USA,1968,Mexico City,Gymnastics,Gymnastics Women's Balance Beam,No medal,No,,,,,,,,,,,,,,
Nancy (-marshall),F,United States,USA,1972,Munich,Gymnastics,Gymnastics Women's Individual All-Around,No medal,No,,,,,,,,,,,,,,
Nancy (-marshall),F,United States,USA,1972,Munich,Gymnastics,Gymnastics Women's Team All-Around,No medal,No,,,,,,,,,,,,,,
Nancy (-marshall),F,United States,USA,1972,Munich,Gymnastics,Gymnastics Women's Floor Exercise,No medal,No,,,,,,,,,,,,,,
Nancy (-marshall),F,United States,USA,1972,Munich,Gymnastics,Gymnastics Women's Horse Vault,No medal,No,,,,,,,,,,,,,,
Nancy (-marshall),F,United States,USA,1972,Munich,Gymnastics,Gymnastics Women's Uneven Bars,No medal,No,,,,,,,,,,,,,,
Nancy (-marshall),F,United States,USA,1972,Munich,Gymnastics,Gymnastics Women's Balance Beam,No medal,No,,,,,,,,,,,,,,
Ruth (lehle-),F,United States,USA,1952,Helsinki,Gymnastics,Gymnastics Women's Individual All-Around,No medal,No,,,,,,,,,,,,,,
Ruth (lehle-),F,United States,USA,1952,Helsinki,Gymnastics,Gymnastics Women's Team All-Around,No medal,No,,,,,,,,,,,,,,
Ruth (lehle-),F,United States,USA,1952,Helsinki,Gymnastics,Gymnastics Women's Team Portable Apparatus,No medal,No,,,,,,,,,,,,,,
Ruth (lehle-),F,United States,USA,1952,Helsinki,Gymnastics,Gymnastics Women's Floor Exercise,No medal,No,,,,,,,,,,,,,,
Ruth (lehle-),F,United States,USA,1952,Helsinki,Gymnastics,Gymnastics Women's Horse Vault,No medal,No,,,,,,,,,,,,,,
Ruth (lehle-),F,United States,USA,1952,Helsinki,Gymnastics,Gymnastics Women's Uneven Bars,No medal,No,,,,,,,,,,,,,,
Ruth (lehle-),F,United States,USA,1952,Helsinki,Gymnastics,Gymnastics Women's Balance Beam,No medal,No,,,,,,,,,,,,,,
Marie -kuhlman),F,United States,USA,1964,Tokyo,Gymnastics,Gymnastics Women's Individual All-Around,No medal,No,,,,,,,,,,,,,,
Marie -kuhlman),F,United States,USA,1964,Tokyo,Gymnastics,Gymnastics Women's Team All-Around,No medal,No,,,,,,,,,,,,,,
Marie -kuhlman),F,United States,USA,1964,Tokyo,Gymnastics,Gymnastics Women's Floor Exercise,No medal,No,,,,,,,,,,,,,,
Marie -kuhlman),F,United States,USA,1964,Tokyo,Gymnastics,Gymnastics Women's Horse Vault,No medal,No,,,,,,,,,,,,,,
Marie -kuhlman),F,United States,USA,1964,Tokyo,Gymnastics,Gymnastics Women's Uneven Bars,No medal,No,,,,,,,,,,,,,,
Marie -kuhlman),F,United States,USA,1964,Tokyo,Gymnastics,Gymnastics Women's Balance Beam,No medal,No,,,,,,,,,,,,,,
Jordyn Wieber,F,United States,USA,2012,London,Gymnastics,Gymnastics Women's Individual All-Around,No medal,Yes,,,,,,,,,,,,,,
Jordyn Wieber,F,United States,USA,2012,London,Gymnastics,Gymnastics Women's Team All-Around,Gold,Yes,,,,,,,,,,,,,,
Jordyn Wieber,F,United States,USA,2012,London,Gymnastics,Gymnastics Women's Floor Exercise,No medal,Yes,,,,,,,,,,,,,,
Jordyn Wieber,F,United States,USA,2012,London,Gymnastics,Gymnastics Women's Uneven Bars,No medal,Yes,,,,,,,,,,,,,,
Jordyn Wieber,F,United States,USA,2012,London,Gymnastics,Gymnastics Women's Balance Beam,No medal,Yes,,,,,,,,,,,,,,
Deborah Willcox,F,United States,USA,1976,Montreal,Gymnastics,Gymnastics Women's Individual All-Around,No medal,Yes,,,,,,,,,,,,,,
Deborah Willcox,F,United States,USA,1976,Montreal,Gymnastics,Gymnastics Women's Team All-Around,No medal,Yes,,,,,,,,,,,,,,
Deborah Willcox,F,United States,USA,1976,Montreal,Gymnastics,Gymnastics Women's Floor Exercise,No medal,Yes,,,,,,,,,,,,,,
Deborah Willcox,F,United States,USA,1976,Montreal,Gymnastics,Gymnastics Women's Horse Vault,No medal,Yes,,,,,,,,,,,,,,
Deborah Willcox,F,United States,USA,1976,Montreal,Gymnastics,Gymnastics Women's Uneven Bars,No medal,Yes,,,,,,,,,,,,,,
Deborah Willcox,F,United States,USA,1976,Montreal,Gymnastics,Gymnastics Women's Balance Beam,No medal,Yes,,,,,,,,,,,,,,
Leslie (-laughlin),F,United States,USA,1976,Montreal,Gymnastics,Gymnastics Women's Individual All-Around,No medal,Yes,,,,,,,,,,,,,,
Leslie (-laughlin),F,United States,USA,1976,Montreal,Gymnastics,Gymnastics Women's Team All-Around,No medal,Yes,,,,,,,,,,,,,,
Leslie (-laughlin),F,United States,USA,1976,Montreal,Gymnastics,Gymnastics Women's Floor Exercise,No medal,Yes,,,,,,,,,,,,,,
Leslie (-laughlin),F,United States,USA,1976,Montreal,Gymnastics,Gymnastics Women's Horse Vault,No medal,Yes,,,,,,,,,,,,,,
Leslie (-laughlin),F,United States,USA,1976,Montreal,Gymnastics,Gymnastics Women's Uneven Bars,No medal,Yes,,,,,,,,,,,,,,
Leslie (-laughlin),F,United States,USA,1976,Montreal,Gymnastics,Gymnastics Women's Balance Beam,No medal,Yes,,,,,,,,,,,,,,
Mary Wright,F,United States,USA,1936,Berlin,Gymnastics,Gymnastics Women's Team All-Around,No medal,No,,,,,,,,,,,,,,
Kimberley (-burdette),F,United States,USA,1992,Barcelona,Gymnastics,Gymnastics Women's Individual All-Around,No medal,No,,,,,,,,,,,,,,
Kimberley (-burdette),F,United States,USA,1992,Barcelona,Gymnastics,Gymnastics Women's Team All-Around,Bronze,No,,,,,,,,,,,,,,
Kimberley (-burdette),F,United States,USA,1992,Barcelona,Gymnastics,Gymnastics Women's Floor Exercise,No medal,No,,,,,,,,,,,,,,
Kimberley (-burdette),F,United States,USA,1992,Barcelona,Gymnastics,Gymnastics Women's Horse Vault,No medal,No,,,,,,,,,,,,,,
Kimberley (-burdette),F,United States,USA,1992,Barcelona,Gymnastics,Gymnastics Women's Uneven Bars,No medal,No,,,,,,,,,,,,,,
Kimberley (-burdette),F,United States,USA,1992,Barcelona,Gymnastics,Gymnastics Women's Balance Beam,No medal,No,,,,,,,,,,,,,,
