Name,Sex,Team,NOC,Year,City,Sport,Event,Medal
Ladislava (hniz-),F,United States,USA,1948,London,Gymnastics,Gymnastics Women's Team All-Around,Bronze
Marian (twining-),F,United States,USA,1948,London,Gymnastics,Gymnastics Women's Team All-Around,Bronze
Marian (twining-),F,United States,USA,1952,Helsinki,Gymnastics,Gymnastics Women's Individual All-Around,No medal
Marian (twining-),F,United States,USA,1952,Helsinki,Gymnastics,Gymnastics Women's Team All-Around,No medal
Marian (twining-),F,United States,USA,1952,Helsinki,Gymnastics,Gymnastics Women's Team Portable Apparatus,No medal
Marian (twining-),F,United States,USA,1952,Helsinki,Gymnastics,Gymnastics Women's Floor Exercise,No medal
Marian (twining-),F,United States,USA,1952,Helsinki,Gymnastics,Gymnastics Women's Horse Vault,No medal
Marian (twining-),F,United States,USA,1952,Helsinki,Gymnastics,Gymnastics Women's Uneven Bars,No medal
Marian (twining-),F,United States,USA,1952,Helsinki,Gymnastics,Gymnastics Women's Balance Beam,No medal
Mohini (-barry),F,United States,USA,2004,Athina,Gymnastics,Gymnastics Women's Individual All-Around,No medal
Mohini (-barry),F,United States,USA,2004,Athina,Gymnastics,Gymnastics Women's Team All-Around,Silver
Mohini (-barry),F,United States,USA,2004,Athina,Gymnastics,Gymnastics Women's Floor Exercise,No medal
Mohini (-barry),F,United States,USA,2004,Athina,Gymnastics,Gymnastics Women's Horse Vault,No medal
Mohini (-barry),F,United States,USA,2004,Athina,Gymnastics,Gymnastics Women's Uneven Bars,No medal
Mohini (-barry),F,United States,USA,2004,Athina,Gymnastics,Gymnastics Women's Balance Beam,No medal
Pamela (-flat),F,United States,USA,1984,Los Angeles,Gymnastics,Gymnastics Women's Individual All-Around,No medal
Pamela (-flat),F,United States,USA,1984,Los Angeles,Gymnastics,Gymnastics Women's Team All-Around,Silver
Pamela (-flat),F,United States,USA,1984,Los Angeles,Gymnastics,Gymnastics Women's Floor Exercise,No medal
Pamela (-flat),F,United States,USA,1984,Los Angeles,Gymnastics,Gymnastics Women's Horse Vault,No medal
Pamela (-flat),F,United States,USA,1984,Los Angeles,Gymnastics,Gymnastics Women's Uneven Bars,No medal
Pamela (-flat),F,United States,USA,1984,Los Angeles,Gymnastics,Gymnastics Women's Balance Beam,No medal
Simone Biles,F,United States,USA,2016,Rio de Janeiro,Gymnastics,Gymnastics Women's Individual All-Around,Gold
Simone Biles,F,United States,USA,2016,Rio de Janeiro,Gymnastics,Gymnastics Women's Team All-Around,Gold
Simone Biles,F,United States,USA,2016,Rio de Janeiro,Gymnastics,Gymnastics Women's Floor Exercise,Gold
Simone Biles,F,United States,USA,2016,Rio de Janeiro,Gymnastics,Gymnastics Women's Horse Vault,Gold
Simone Biles,F,United States,USA,2016,Rio de Janeiro,Gymnastics,Gymnastics Women's Uneven Bars,No medal
Simone Biles,F,United States,USA,2016,Rio de Janeiro,Gymnastics,Gymnastics Women's Balance Beam,Bronze
Amanda (-cochran),F,United States,USA,1996,Atlanta,Gymnastics,Gymnastics Women's Individual All-Around,No medal
Amanda (-cochran),F,United States,USA,1996,Atlanta,Gymnastics,Gymnastics Women's Team All-Around,Gold
Amanda (-cochran),F,United States,USA,1996,Atlanta,Gymnastics,Gymnastics Women's Floor Exercise,No medal
Amanda (-cochran),F,United States,USA,1996,Atlanta,Gymnastics,Gymnastics Women's Balance Beam,No medal
Wendy (-martin),F,United States,USA,1992,Barcelona,Gymnastics,Gymnastics Women's Individual All-Around,No medal
Wendy (-martin),F,United States,USA,1992,Barcelona,Gymnastics,Gymnastics Women's Team All-Around,Bronze
Wendy (-martin),F,United States,USA,1992,Barcelona,Gymnastics,Gymnastics Women's Floor Exercise,No medal
Wendy (-martin),F,United States,USA,1992,Barcelona,Gymnastics,Gymnastics Women's Horse Vault,No medal
Wendy (-martin),F,United States,USA,1992,Barcelona,Gymnastics,Gymnastics Women's Uneven Bars,No medal
Wendy (-martin),F,United States,USA,1992,Barcelona,Gymnastics,Gymnastics Women's Balance Beam,No medal
Jean (-pascuzzi),F,United States,USA,1936,Berlin,Gymnastics,Gymnastics Women's Team All-Around,No medal
Consetta Caruccio-lenz,F,United States,USA,1936,Berlin,Gymnastics,Gymnastics Women's Team All-Around,No medal
Consetta Caruccio-lenz,F,United States,USA,1948,London,Gymnastics,Gymnastics Women's Team All-Around,Bronze
Colleen (-shields),F,United States,USA,1976,Montreal,Gymnastics,Gymnastics Women's Individual All-Around,No medal
Colleen (-shields),F,United States,USA,1976,Montreal,Gymnastics,Gymnastics Women's Team All-Around,No medal
Colleen (-shields),F,United States,USA,1976,Montreal,Gymnastics,Gymnastics Women's Floor Exercise,No medal
Colleen (-shields),F,United States,USA,1976,Montreal,Gymnastics,Gymnastics Women's Horse Vault,No medal
Colleen (-shields),F,United States,USA,1976,Montreal,Gymnastics,Gymnastics Women's Uneven Bars,No medal
Colleen (-shields),F,United States,USA,1976,Montreal,Gymnastics,Gymnastics Women's Balance Beam,No medal
Kimberly -may),F,United States,USA,1972,Munich,Gymnastics,Gymnastics Women's Individual All-Around,No medal
Kimberly -may),F,United States,USA,1972,Munich,Gymnastics,Gymnastics Women's Team All-Around,No medal
Kimberly -may),F,United States,USA,1972,Munich,Gymnastics,Gymnastics Women's Floor Exercise,No medal
Kimberly -may),F,United States,USA,1972,Munich,Gymnastics,Gymnastics Women's Horse Vault,No medal
Kimberly -may),F,United States,USA,1972,Munich,Gymnastics,Gymnastics Women's Uneven Bars,No medal
Kimberly -may),F,United States,USA,1972,Munich,Gymnastics,Gymnastics Women's Balance Beam,No medal
Kimberly -may),F,United States,USA,1976,Montreal,Gymnastics,Gymnastics Women's Individual All-Around,No medal
Kimberly -may),F,United States,USA,1976,Montreal,Gymnastics,Gymnastics Women's Team All-Around,No medal
Kimberly -may),F,United States,USA,1976,Montreal,Gymnastics,Gymnastics Women's Floor Exercise,No medal
Kimberly -may),F,United States,USA,1976,Montreal,Gymnastics,Gymnastics Women's Horse Vault,No medal
Kimberly -may),F,United States,USA,1976,Montreal,Gymnastics,Gymnastics Women's Uneven Bars,No medal
Kimberly -may),F,United States,USA,1976,Montreal,Gymnastics,Gymnastics Women's Balance Beam,No medal
Amy (-ho),F,United States,USA,1996,Atlanta,Gymnastics,Gymnastics Women's Individual All-Around,No medal
Amy (-ho),F,United States,USA,1996,Atlanta,Gymnastics,Gymnastics Women's Team All-Around,Gold
Amy (-ho),F,United States,USA,1996,Atlanta,Gymnastics,Gymnastics Women's Horse Vault,No medal
Amy (-ho),F,United States,USA,1996,Atlanta,Gymnastics,Gymnastics Women's Uneven Bars,Silver
Amy (-ho),F,United States,USA,2000,Sydney,Gymnastics,Gymnastics Women's Individual All-Around,No medal
Amy (-ho),F,United States,USA,2000,Sydney,Gymnastics,Gymnastics Women's Team All-Around,Bronze
Amy (-ho),F,United States,USA,2000,Sydney,Gymnastics,Gymnastics Women's Floor Exercise,No medal
Amy (-ho),F,United States,USA,2000,Sydney,Gymnastics,Gymnastics Women's Horse Vault,No medal
Amy (-ho),F,United States,USA,2000,Sydney,Gymnastics,Gymnastics Women's Uneven Bars,No medal
Amy (-ho),F,United States,USA,2000,Sydney,Gymnastics,Gymnastics Women's Balance Beam,No medal
Wendy (-perez),F,United States,USA,1968,Mexico City,Gymnastics,Gymnastics Women's Individual All-Around,No medal
Wendy (-perez),F,United States,USA,1968,Mexico City,Gymnastics,Gymnastics Women's Team All-Around,No medal
Wendy (-perez),F,United States,USA,1968,Mexico City,Gymnastics,Gymnastics Women's Floor Exercise,No medal
Wendy (-perez),F,United States,USA,1968,Mexico City,Gymnastics,Gymnastics Women's Horse Vault,No medal
Wendy (-perez),F,United States,USA,1968,Mexico City,Gymnastics,Gymnastics Women's Uneven Bars,No medal
Wendy (-perez),F,United States,USA,1968,Mexico City,Gymnastics,Gymnastics Women's Balance Beam,No medal
Kathleen (-ekas),F,United States,USA,1964,Tokyo,Gymnastics,Gymnastics Women's Individual All-Around,No medal
Kathleen (-ekas),F,United States,USA,1964,Tokyo,Gymnastics,Gymnastics Women's Team All-Around,No medal
Kathleen (-ekas),F,United States,USA,1964,Tokyo,Gymnastics,Gymnastics Women's Floor Exercise,No medal
Kathleen (-ekas),F,United States,USA,1964,Tokyo,Gymnastics,Gymnastics Women's Horse Vault,No medal
Kathleen (-ekas),F,United States,USA,1964,Tokyo,Gymnastics,Gymnastics Women's Uneven Bars,No medal
Kathleen (-ekas),F,United States,USA,1964,Tokyo,Gymnastics,Gymnastics Women's Balance Beam,No medal
Dorothy Dalton,F,United States,USA,1948,London,Gymnastics,Gymnastics Women's Team All-Around,Bronze
Dorothy Dalton,F,United States,USA,1952,Helsinki,Gymnastics,Gymnastics Women's Individual All-Around,No medal
Dorothy Dalton,F,United States,USA,1952,Helsinki,Gymnastics,Gymnastics Women's Team All-Around,No medal
Dorothy Dalton,F,United States,USA,1952,Helsinki,Gymnastics,Gymnastics Women's Team Portable Apparatus,No medal
Dorothy Dalton,F,United States,USA,1952,Helsinki,Gymnastics,Gymnastics Women's Floor Exercise,No medal
Dorothy Dalton,F,United States,USA,1952,Helsinki,Gymnastics,Gymnastics Women's Horse Vault,No medal
Dorothy Dalton,F,United States,USA,1952,Helsinki,Gymnastics,Gymnastics Women's Uneven Bars,No medal
Dorothy Dalton,F,United States,USA,1952,Helsinki,Gymnastics,Gymnastics Women's Balance Beam,No medal
Jamie Dantzscher,F,United States,USA,2000,Sydney,Gymnastics,Gymnastics Women's Individual All-Around,No medal
Jamie Dantzscher,F,United States,USA,2000,Sydney,Gymnastics,Gymnastics Women's Team All-Around,Bronze
Jamie Dantzscher,F,United States,USA,2000,Sydney,Gymnastics,Gymnastics Women's Floor Exercise,No medal
Jamie Dantzscher,F,United States,USA,2000,Sydney,Gymnastics,Gymnastics Women's Horse Vault,No medal
Muriel Davis-grossfeld,F,United States,USA,1956,Melbourne,Gymnastics,Gymnastics Women's Individual All-Around,No medal
Muriel Davis-grossfeld,F,United States,USA,1956,Melbourne,Gymnastics,Gymnastics Women's Team All-Around,No medal
Muriel Davis-grossfeld,F,United States,USA,1956,Melbourne,Gymnastics,Gymnastics Women's Team Portable Apparatus,No medal
Muriel Davis-grossfeld,F,United States,USA,1956,Melbourne,Gymnastics,Gymnastics Women's Floor Exercise,No medal
Muriel Davis-grossfeld,F,United States,USA,1956,Melbourne,Gymnastics,Gymnastics Women's Horse Vault,No medal
Muriel Davis-grossfeld,F,United States,USA,1956,Melbourne,Gymnastics,Gymnastics Women's Uneven Bars,No medal
Muriel Davis-grossfeld,F,United States,USA,1956,Melbourne,Gymnastics,Gymnastics Women's Balance Beam,No medal
Muriel Davis-grossfeld,F,United States,USA,1960,Roma,Gymnastics,Gymnastics Women's Individual All-Around,No medal
Muriel Davis-grossfeld,F,United States,USA,1960,Roma,Gymnastics,Gymnastics Women's Team All-Around,No medal
Muriel Davis-grossfeld,F,United States,USA,1960,Roma,Gymnastics,Gymnastics Women's Floor Exercise,No medal
Muriel Davis-grossfeld,F,United States,USA,1960,Roma,Gymnastics,Gymnastics Women's Horse Vault,No medal
Muriel Davis-grossfeld,F,United States,USA,1960,Roma,Gymnastics,Gymnastics Women's Uneven Bars,No medal
Muriel Davis-grossfeld,F,United States,USA,1960,Roma,Gymnastics,Gymnastics Women's Balance Beam,No medal
Muriel Davis-grossfeld,F,United States,USA,1964,Tokyo,Gymnastics,Gymnastics Women's Individual All-Around,No medal
Muriel Davis-grossfeld,F,United States,USA,1964,Tokyo,Gymnastics,Gymnastics Women's Team All-Around,No medal
Muriel Davis-grossfeld,F,United States,USA,1964,Tokyo,Gymnastics,Gymnastics Women's Floor Exercise,No medal
Muriel Davis-grossfeld,F,United States,USA,1964,Tokyo,Gymnastics,Gymnastics Women's Horse Vault,No medal
Muriel Davis-grossfeld,F,United States,USA,1964,Tokyo,Gymnastics,Gymnastics Women's Uneven Bars,No medal
Muriel Davis-grossfeld,F,United States,USA,1964,Tokyo,Gymnastics,Gymnastics Women's Balance Beam,No medal
Dominique (-thompson),F,United States,USA,1992,Barcelona,Gymnastics,Gymnastics Women's Individual All-Around,No medal
Dominique (-thompson),F,United States,USA,1992,Barcelona,Gymnastics,Gymnastics Women's Team All-Around,Bronze
Dominique (-thompson),F,United States,USA,1992,Barcelona,Gymnastics,Gymnastics Women's Floor Exercise,No medal
Dominique (-thompson),F,United States,USA,1992,Barcelona,Gymnastics,Gymnastics Women's Horse Vault,No medal
Dominique (-thompson),F,United States,USA,1992,Barcelona,Gymnastics,Gymnastics Women's Uneven Bars,No medal
Dominique (-thompson),F,United States,USA,1992,Barcelona,Gymnastics,Gymnastics Women's Balance Beam,No medal
Dominique (-thompson),F,United States,USA,1996,Atlanta,Gymnastics,Gymnastics Women's Individual All-Around,No medal
Dominique (-thompson),F,United States,USA,1996,Atlanta,Gymnastics,Gymnastics Women's Team All-Around,Gold
Dominique (-thompson),F,United States,USA,1996,Atlanta,Gymnastics,Gymnastics Women's Floor Exercise,Bronze
Dominique (-thompson),F,United States,USA,1996,Atlanta,Gymnastics,Gymnastics Women's Horse Vault,No medal
Dominique (-thompson),F,United States,USA,1996,Atlanta,Gymnastics,Gymnastics Women's Uneven Bars,No medal
Dominique (-thompson),F,United States,USA,1996,Atlanta,Gymnastics,Gymnastics Women's Balance Beam,No medal
Dominique (-thompson),F,United States,USA,2000,Sydney,Gymnastics,Gymnastics Women's Individual All-Around,No medal
Dominique (-thompson),F,United States,USA,2000,Sydney,Gymnastics,Gymnastics Women's Team All-Around,Bronze
Dominique (-thompson),F,United States,USA,2000,Sydney,Gymnastics,Gymnastics Women's Floor Exercise,No medal
Dominique (-thompson),F,United States,USA,2000,Sydney,Gymnastics,Gymnastics Women's Horse Vault,No medal
Dominique (-thompson),F,United States,USA,2000,Sydney,Gymnastics,Gymnastics Women's Uneven Bars,No medal
Dominique (-thompson),F,United States,USA,2000,Sydney,Gymnastics,Gymnastics Women's Balance Beam,No medal
Gabrielle Douglas,F,United States,USA,2012,London,Gymnastics,Gymnastics Women's Individual All-Around,Gold
Gabrielle Douglas,F,United States,USA,2012,London,Gymnastics,Gymnastics Women's Team All-Around,Gold
Gabrielle Douglas,F,United States,USA,2012,London,Gymnastics,Gymnastics Women's Floor Exercise,No medal
Gabrielle Douglas,F,United States,USA,2012,London,Gymnastics,Gymnastics Women's Uneven Bars,No medal
Gabrielle Douglas,F,United States,USA,2012,London,Gymnastics,Gymnastics Women's Balance Beam,No medal
Gabrielle Douglas,F,United States,USA,2016,Rio de Janeiro,Gymnastics,Gymnastics Women's Individual All-Around,No medal
Gabrielle Douglas,F,United States,USA,2016,Rio de Janeiro,Gymnastics,Gymnastics Women's Team All-Around,Gold
Gabrielle Douglas,F,United States,USA,2016,Rio de Janeiro,Gymnastics,Gymnastics Women's Floor Exercise,No medal
Gabrielle Douglas,F,United States,USA,2016,Rio de Janeiro,Gymnastics,Gymnastics Women's Uneven Bars,No medal
Gabrielle Douglas,F,United States,USA,2016,Rio de Janeiro,Gymnastics,Gymnastics Women's Balance Beam,No medal
Margaret (-colette),F,United States,USA,1936,Berlin,Gymnastics,Gymnastics Women's Team All-Around,No medal
Michelle (-farrell),F,United States,USA,1984,Los Angeles,Gymnastics,Gymnastics Women's Individual All-Around,No medal
Michelle (-farrell),F,United States,USA,1984,Los Angeles,Gymnastics,Gymnastics Women's Team All-Around,Silver
Michelle (-farrell),F,United States,USA,1984,Los Angeles,Gymnastics,Gymnastics Women's Floor Exercise,No medal
Michelle (-farrell),F,United States,USA,1984,Los Angeles,Gymnastics,Gymnastics Women's Horse Vault,No medal
Michelle (-farrell),F,United States,USA,1984,Los Angeles,Gymnastics,Gymnastics Women's Uneven Bars,No medal
Michelle (-farrell),F,United States,USA,1984,Los Angeles,Gymnastics,Gymnastics Women's Balance Beam,No medal
Meta (neumann-),F,United States,USA,1948,London,Gymnastics,Gymnastics Women's Team All-Around,Bronze
Meta (neumann-),F,United States,USA,1952,Helsinki,Gymnastics,Gymnastics Women's Individual All-Around,No medal
Meta (neumann-),F,United States,USA,1952,Helsinki,Gymnastics,Gymnastics Women's Team All-Around,No medal
Meta (neumann-),F,United States,USA,1952,Helsinki,Gymnastics,Gymnastics Women's Team Portable Apparatus,No medal
Meta (neumann-),F,United States,USA,1952,Helsinki,Gymnastics,Gymnastics Women's Floor Exercise,No medal
Meta (neumann-),F,United States,USA,1952,Helsinki,Gymnastics,Gymnastics Women's Horse Vault,No medal
Meta (neumann-),F,United States,USA,1952,Helsinki,Gymnastics,Gymnastics Women's Uneven Bars,No medal
Meta (neumann-),F,United States,USA,1952,Helsinki,Gymnastics,Gymnastics Women's Balance Beam,No medal
Caroline (-zimmerman),F,United States,USA,1976,Montreal,Gymnastics,Gymnastics Women's Individual All-Around,No medal
Caroline (-zimmerman),F,United States,USA,1976,Montreal,Gymnastics,Gymnastics Women's Team All-Around,No medal
Caroline (-zimmerman),F,United States,USA,1976,Montreal,Gymnastics,Gymnastics Women's Floor Exercise,No medal
Caroline (-zimmerman),F,United States,USA,1976,Montreal,Gymnastics,Gymnastics Women's Horse Vault,No medal
Caroline (-zimmerman),F,United States,USA,1976,Montreal,Gymnastics,Gymnastics Women's Uneven Bars,No medal
Caroline (-zimmerman),F,United States,USA,1976,Montreal,Gymnastics,Gymnastics Women's Balance Beam,No medal
Doris (-brause),F,United States,USA,1956,Melbourne,Gymnastics,Gymnastics Women's Individual All-Around,No medal
Doris (-brause),F,United States,USA,1956,Melbourne,Gymnastics,Gymnastics Women's Team All-Around,No medal
Doris (-brause),F,United States,USA,1956,Melbourne,Gymnastics,Gymnastics Women's Team Portable Apparatus,No medal
Doris (-brause),F,United States,USA,1956,Melbourne,Gymnastics,Gymnastics Women's Floor Exercise,No medal
Doris (-brause),F,United States,USA,1956,Melbourne,Gymnastics,Gymnastics Women's Horse Vault,No medal
Doris (-brause),F,United States,USA,1956,Melbourne,Gymnastics,Gymnastics Women's Uneven Bars,No medal
Doris (-brause),F,United States,USA,1956,Melbourne,Gymnastics,Gymnastics Women's Balance Beam,No medal
Doris (-brause),F,United States,USA,1960,Roma,Gymnastics,Gymnastics Women's Individual All-Around,No medal
Doris (-brause),F,United States,USA,1960,Roma,Gymnastics,Gymnastics Women's Team All-Around,No medal
Doris (-brause),F,United States,USA,1960,Roma,Gymnastics,Gymnastics Women's Floor Exercise,No medal
Doris (-brause),F,United States,USA,1960,Roma,Gymnastics,Gymnastics Women's Horse Vault,No medal
Doris (-brause),F,United States,USA,1960,Roma,Gymnastics,Gymnastics Women's Uneven Bars,No medal
Doris (-brause),F,United States,USA,1960,Roma,Gymnastics,Gymnastics Women's Balance Beam,No medal
Kelly (-funderburk),F,United States,USA,1988,Seoul,Gymnastics,Gymnastics Women's Individual All-Around,No medal
Kelly (-funderburk),F,United States,USA,1988,Seoul,Gymnastics,Gymnastics Women's Team All-Around,No medal
Kelly (-funderburk),F,United States,USA,1988,Seoul,Gymnastics,Gymnastics Women's Floor Exercise,No medal
Kelly (-funderburk),F,United States,USA,1988,Seoul,Gymnastics,Gymnastics Women's Horse Vault,No medal
Kelly (-funderburk),F,United States,USA,1988,Seoul,Gymnastics,Gymnastics Women's Uneven Bars,No medal
Kelly (-funderburk),F,United States,USA,1988,Seoul,Gymnastics,Gymnastics Women's Balance Beam,No medal
Kathy (-jachter),F,United States,USA,1968,Mexico City,Gymnastics,Gymnastics Women's Individual All-Around,No medal
Kathy (-jachter),F,United States,USA,1968,Mexico City,Gymnastics,Gymnastics Women's Team All-Around,No medal
Kathy (-jachter),F,United States,USA,1968,Mexico City,Gymnastics,Gymnastics Women's Floor Exercise,No medal
Kathy (-jachter),F,United States,USA,1968,Mexico City,Gymnastics,Gymnastics Women's Horse Vault,No medal
Kathy (-jachter),F,United States,USA,1968,Mexico City,Gymnastics,Gymnastics Women's Uneven Bars,No medal
Kathy (-jachter),F,United States,USA,1968,Mexico City,Gymnastics,Gymnastics Women's Balance Beam,No medal
Ruth (-hatyina),F,United States,USA,1952,Helsinki,Gymnastics,Gymnastics Women's Individual All-Around,No medal
Ruth (-hatyina),F,United States,USA,1952,Helsinki,Gymnastics,Gymnastics Women's Team All-Around,No medal
Ruth (-hatyina),F,United States,USA,1952,Helsinki,Gymnastics,Gymnastics Women's Team Portable Apparatus,No medal
Ruth (-hatyina),F,United States,USA,1952,Helsinki,Gymnastics,Gymnastics Women's Floor Exercise,No medal
Ruth (-hatyina),F,United States,USA,1952,Helsinki,Gymnastics,Gymnastics Women's Horse Vault,No medal
Ruth (-hatyina),F,United States,USA,1952,Helsinki,Gymnastics,Gymnastics Women's Uneven Bars,No medal
Ruth (-hatyina),F,United States,USA,1952,Helsinki,Gymnastics,Gymnastics Women's Balance Beam,No medal
Annia Hatch,F,United States,USA,2004,Athina,Gymnastics,Gymnastics Women's Individual All-Around,No medal
Annia Hatch,F,United States,USA,2004,Athina,Gymnastics,Gymnastics Women's Team All-Around,Silver
Annia Hatch,F,United States,USA,2004,Athina,Gymnastics,Gymnastics Women's Horse Vault,Silver
Irma (pezzia-),F,United States,USA,1936,Berlin,Gymnastics,Gymnastics Women's Team All-Around,No medal
Lauren Hernandez,F,United States,USA,2016,Rio de Janeiro,Gymnastics,Gymnastics Women's Team All-Around,Gold
Lauren Hernandez,F,United States,USA,2016,Rio de Janeiro,Gymnastics,Gymnastics Women's Floor Exercise,No medal
Lauren Hernandez,F,United States,USA,2016,Rio de Janeiro,Gymnastics,Gymnastics Women's Balance Beam,Silver
Marie Hoesly,F,United States,USA,1952,Helsinki,Gymnastics,Gymnastics Women's Individual All-Around,No medal
Marie Hoesly,F,United States,USA,1952,Helsinki,Gymnastics,Gymnastics Women's Team All-Around,No medal
Marie Hoesly,F,United States,USA,1952,Helsinki,Gymnastics,Gymnastics Women's Team Portable Apparatus,No medal
Marie Hoesly,F,United States,USA,1952,Helsinki,Gymnastics,Gymnastics Women's Floor Exercise,No medal
Marie Hoesly,F,United States,USA,1952,Helsinki,Gymnastics,Gymnastics Women's Horse Vault,No medal
Marie Hoesly,F,United States,USA,1952,Helsinki,Gymnastics,Gymnastics Women's Uneven Bars,No medal
Marie Hoesly,F,United States,USA,1952,Helsinki,Gymnastics,Gymnastics Women's Balance Beam,No medal
Doris Howard,F,United States,USA,1976,Montreal,Gymnastics,Gymnastics Women's Individual All-Around,No medal
Doris Howard,F,United States,USA,1976,Montreal,Gymnastics,Gymnastics Women's Team All-Around,No medal
Doris Howard,F,United States,USA,1976,Montreal,Gymnastics,Gymnastics Women's Floor Exercise,No medal
Doris Howard,F,United States,USA,1976,Montreal,Gymnastics,Gymnastics Women's Horse Vault,No medal
Doris Howard,F,United States,USA,1976,Montreal,Gymnastics,Gymnastics Women's Uneven Bars,No medal
Doris Howard,F,United States,USA,1976,Montreal,Gymnastics,Gymnastics Women's Balance Beam,No medal
Judith (hult-),F,United States,USA,1956,Melbourne,Gymnastics,Gymnastics Women's Individual All-Around,No medal
Judith (hult-),F,United States,USA,1956,Melbourne,Gymnastics,Gymnastics Women's Team All-Around,No medal
Judith (hult-),F,United States,USA,1956,Melbourne,Gymnastics,Gymnastics Women's Team Portable Apparatus,No medal
Judith (hult-),F,United States,USA,1956,Melbourne,Gymnastics,Gymnastics Women's Floor Exercise,No medal
Judith (hult-),F,United States,USA,1956,Melbourne,Gymnastics,Gymnastics Women's Horse Vault,No medal
Judith (hult-),F,United States,USA,1956,Melbourne,Gymnastics,Gymnastics Women's Uneven Bars,No medal
Judith (hult-),F,United States,USA,1956,Melbourne,Gymnastics,Gymnastics Women's Balance Beam,No medal
Terin Humphrey,F,United States,USA,2004,Athina,Gymnastics,Gymnastics Women's Individual All-Around,No medal
Terin Humphrey,F,United States,USA,2004,Athina,Gymnastics,Gymnastics Women's Team All-Around,Silver
Terin Humphrey,F,United States,USA,2004,Athina,Gymnastics,Gymnastics Women's Floor Exercise,No medal
Terin Humphrey,F,United States,USA,2004,Athina,Gymnastics,Gymnastics Women's Uneven Bars,Silver
Terin Humphrey,F,United States,USA,2004,Athina,Gymnastics,Gymnastics Women's Balance Beam,No medal
Brandy (-scharpf),F,United States,USA,1988,Seoul,Gymnastics,Gymnastics Women's Individual All-Around,No medal
Brandy (-scharpf),F,United States,USA,1988,Seoul,Gymnastics,Gymnastics Women's Team All-Around,No medal
Brandy (-scharpf),F,United States,USA,1988,Seoul,Gymnastics,Gymnastics Women's Floor Exercise,No medal
Brandy (-scharpf),F,United States,USA,1988,Seoul,Gymnastics,Gymnastics Women's Horse Vault,No medal
Brandy (-scharpf),F,United States,USA,1988,Seoul,Gymnastics,Gymnastics Women's Uneven Bars,No medal
Brandy (-scharpf),F,United States,USA,1988,Seoul,Gymnastics,Gymnastics Women's Balance Beam,No medal
Kathleen (-clarke),F,United States,USA,1984,Los Angeles,Gymnastics,Gymnastics Women's Individual All-Around,No medal
Kathleen (-clarke),F,United States,USA,1984,Los Angeles,Gymnastics,Gymnastics Women's Team All-Around,Silver
Kathleen (-clarke),F,United States,USA,1984,Los Angeles,Gymnastics,Gymnastics Women's Floor Exercise,No medal
Kathleen (-clarke),F,United States,USA,1984,Los Angeles,Gymnastics,Gymnastics Women's Horse Vault,No medal
Kathleen (-clarke),F,United States,USA,1984,Los Angeles,Gymnastics,Gymnastics Women's Uneven Bars,No medal
Kathleen (-clarke),F,United States,USA,1984,Los Angeles,Gymnastics,Gymnastics Women's Balance Beam,Bronze
Shawn (-east),F,United States,USA,2008,Beijing,Gymnastics,Gymnastics Women's Individual All-Around,Silver
Shawn (-east),F,United States,USA,2008,Beijing,Gymnastics,Gymnastics Women's Team All-Around,Silver
Shawn (-east),F,United States,USA,2008,Beijing,Gymnastics,Gymnastics Women's Floor Exercise,Silver
Shawn (-east),F,United States,USA,2008,Beijing,Gymnastics,Gymnastics Women's Uneven Bars,No medal
Shawn (-east),F,United States,USA,2008,Beijing,Gymnastics,Gymnastics Women's Balance Beam,Gold
Marie (-phillips),F,United States,USA,1936,Berlin,Gymnastics,Gymnastics Women's Team All-Around,No medal
Doris (-cannon),F,United States,USA,1952,Helsinki,Gymnastics,Gymnastics Women's Individual All-Around,No medal
Doris (-cannon),F,United States,USA,1952,Helsinki,Gymnastics,Gymnastics Women's Team All-Around,No medal
Doris (-cannon),F,United States,USA,1952,Helsinki,Gymnastics,Gymnastics Women's Team Portable Apparatus,No medal
Doris (-cannon),F,United States,USA,1952,Helsinki,Gymnastics,Gymnastics Women's Floor Exercise,No medal
Doris (-cannon),F,United States,USA,1952,Helsinki,Gymnastics,Gymnastics Women's Horse Vault,No medal
Doris (-cannon),F,United States,USA,1952,Helsinki,Gymnastics,Gymnastics Women's Uneven Bars,No medal
Doris (-cannon),F,United States,USA,1952,Helsinki,Gymnastics,Gymnastics Women's Balance Beam,No medal
Jacquelyn (-fie),F,United States,USA,1956,Melbourne,Gymnastics,Gymnastics Women's Individual All-Around,No medal
Jacquelyn (-fie),F,United States,USA,1956,Melbourne,Gymnastics,Gymnastics Women's Team All-Around,No medal
Jacquelyn (-fie),F,United States,USA,1956,Melbourne,Gymnastics,Gymnastics Women's Team Portable Apparatus,No medal
Jacquelyn (-fie),F,United States,USA,1956,Melbourne,Gymnastics,Gymnastics Women's Floor Exercise,No medal
Jacquelyn (-fie),F,United States,USA,1956,Melbourne,Gymnastics,Gymnastics Women's Horse Vault,No medal
Jacquelyn (-fie),F,United States,USA,1956,Melbourne,Gymnastics,Gymnastics Women's Uneven Bars,No medal
Jacquelyn (-fie),F,United States,USA,1956,Melbourne,Gymnastics,Gymnastics Women's Balance Beam,No medal
Madison Kocian,F,United States,USA,2016,Rio de Janeiro,Gymnastics,Gymnastics Women's Team All-Around,Gold
Madison Kocian,F,United States,USA,2016,Rio de Janeiro,Gymnastics,Gymnastics Women's Uneven Bars,Silver
Courtney (-carter),F,United States,USA,2004,Athina,Gymnastics,Gymnastics Women's Individual All-Around,No medal
Courtney (-carter),F,United States,USA,2004,Athina,Gymnastics,Gymnastics Women's Team All-Around,Silver
Courtney (-carter),F,United States,USA,2004,Athina,Gymnastics,Gymnastics Women's Floor Exercise,No medal
Courtney (-carter),F,United States,USA,2004,Athina,Gymnastics,Gymnastics Women's Horse Vault,No medal
Courtney (-carter),F,United States,USA,2004,Athina,Gymnastics,Gymnastics Women's Uneven Bars,Bronze
Courtney (-carter),F,United States,USA,2004,Athina,Gymnastics,Gymnastics Women's Balance Beam,No medal
Anastasiya Liukin,F,United States,USA,2008,Beijing,Gymnastics,Gymnastics Women's Individual All-Around,Gold
Anastasiya Liukin,F,United States,USA,2008,Beijing,Gymnastics,Gymnastics Women's Team All-Around,Silver
Anastasiya Liukin,F,United States,USA,2008,Beijing,Gymnastics,Gymnastics Women's Floor Exercise,Bronze
Anastasiya Liukin,F,United States,USA,2008,Beijing,Gymnastics,Gymnastics Women's Uneven Bars,Silver
Anastasiya Liukin,F,United States,USA,2008,Beijing,Gymnastics,Gymnastics Women's Balance Beam,Silver
Ada -hutcheon),F,United States,USA,1936,Berlin,Gymnastics,Gymnastics Women's Team All-Around,No medal
Kristen Maloney,F,United States,USA,2000,Sydney,Gymnastics,Gymnastics Women's Individual All-Around,No medal
Kristen Maloney,F,United States,USA,2000,Sydney,Gymnastics,Gymnastics Women's Team All-Around,Bronze
Kristen Maloney,F,United States,USA,2000,Sydney,Gymnastics,Gymnastics Women's Floor Exercise,No medal
Kristen Maloney,F,United States,USA,2000,Sydney,Gymnastics,Gymnastics Women's Horse Vault,No medal
Kristen Maloney,F,United States,USA,2000,Sydney,Gymnastics,Gymnastics Women's Uneven Bars,No medal
Kristen Maloney,F,United States,USA,2000,Sydney,Gymnastics,Gymnastics Women's Balance Beam,No medal
Melissa (-clausi),F,United States,USA,1988,Seoul,Gymnastics,Gymnastics Women's Individual All-Around,No medal
Melissa (-clausi),F,United States,USA,1988,Seoul,Gymnastics,Gymnastics Women's Team All-Around,No medal
Melissa (-clausi),F,United States,USA,1988,Seoul,Gymnastics,Gymnastics Women's Floor Exercise,No medal
Melissa (-clausi),F,United States,USA,1988,Seoul,Gymnastics,Gymnastics Women's Horse Vault,No medal
Melissa (-clausi),F,United States,USA,1988,Seoul,Gymnastics,Gymnastics Women's Uneven Bars,No medal
Melissa (-clausi),F,United States,USA,1988,Seoul,Gymnastics,Gymnastics Women's Balance Beam,No medal
McKayla Maroney,F,United States,USA,2012,London,Gymnastics,Gymnastics Women's Team All-Around,Gold
McKayla Maroney,F,United States,USA,2012,London,Gymnastics,Gymnastics Women's Horse Vault,Silver
Elizabeth (-harrington),F,United States,USA,1960,Roma,Gymnastics,Gymnastics Women's Individual All-Around,No medal
Elizabeth (-harrington),F,United States,USA,1960,Roma,Gymnastics,Gymnastics Women's Team All-Around,No medal
Elizabeth (-harrington),F,United States,USA,1960,Roma,Gymnastics,Gymnastics Women's Floor Exercise,No medal
Elizabeth (-harrington),F,United States,USA,1960,Roma,Gymnastics,Gymnastics Women's Horse Vault,No medal
Elizabeth (-harrington),F,United States,USA,1960,Roma,Gymnastics,Gymnastics Women's Uneven Bars,No medal
Elizabeth (-harrington),F,United States,USA,1960,Roma,Gymnastics,Gymnastics Women's Balance Beam,No medal
Dorothy -kephart),F,United States,USA,1964,Tokyo,Gymnastics,Gymnastics Women's Individual All-Around,No medal
Dorothy -kephart),F,United States,USA,1964,Tokyo,Gymnastics,Gymnastics Women's Team All-Around,No medal
Dorothy -kephart),F,United States,USA,1964,Tokyo,Gymnastics,Gymnastics Women's Floor Exercise,No medal
Dorothy -kephart),F,United States,USA,1964,Tokyo,Gymnastics,Gymnastics Women's Horse Vault,No medal
Dorothy -kephart),F,United States,USA,1964,Tokyo,Gymnastics,Gymnastics Women's Uneven Bars,No medal
Dorothy -kephart),F,United States,USA,1964,Tokyo,Gymnastics,Gymnastics Women's Balance Beam,No medal
Courtney Mccool,F,United States,USA,2004,Athina,Gymnastics,Gymnastics Women's Individual All-Around,No medal
Courtney Mccool,F,United States,USA,2004,Athina,Gymnastics,Gymnastics Women's Team All-Around,Silver
Courtney Mccool,F,United States,USA,2004,Athina,Gymnastics,Gymnastics Women's Floor Exercise,No medal
Courtney Mccool,F,United States,USA,2004,Athina,Gymnastics,Gymnastics Women's Horse Vault,No medal
Courtney Mccool,F,United States,USA,2004,Athina,Gymnastics,Gymnastics Women's Uneven Bars,No medal
Courtney Mccool,F,United States,USA,2004,Athina,Gymnastics,Gymnastics Women's Balance Beam,No medal
Julianne (-zeile),F,United States,USA,1984,Los Angeles,Gymnastics,Gymnastics Women's Individual All-Around,No medal
Julianne (-zeile),F,United States,USA,1984,Los Angeles,Gymnastics,Gymnastics Women's Team All-Around,Silver
Julianne (-zeile),F,United States,USA,1984,Los Angeles,Gymnastics,Gymnastics Women's Floor Exercise,Silver
Julianne (-zeile),F,United States,USA,1984,Los Angeles,Gymnastics,Gymnastics Women's Horse Vault,No medal
Julianne (-zeile),F,United States,USA,1984,Los Angeles,Gymnastics,Gymnastics Women's Uneven Bars,Gold
Julianne (-zeile),F,United States,USA,1984,Los Angeles,Gymnastics,Gymnastics Women's Balance Beam,No medal
Chellsie (-maier),F,United States,USA,2008,Beijing,Gymnastics,Gymnastics Women's Individual All-Around,No medal
Chellsie (-maier),F,United States,USA,2008,Beijing,Gymnastics,Gymnastics Women's Team All-Around,Silver
Chellsie (-maier),F,United States,USA,2008,Beijing,Gymnastics,Gymnastics Women's Uneven Bars,No medal
Linda (-mulvihill),F,United States,USA,1964,Tokyo,Gymnastics,Gymnastics Women's Individual All-Around,No medal
Linda (-mulvihill),F,United States,USA,1964,Tokyo,Gymnastics,Gymnastics Women's Team All-Around,No medal
Linda (-mulvihill),F,United States,USA,1964,Tokyo,Gymnastics,Gymnastics Women's Floor Exercise,No medal
Linda (-mulvihill),F,United States,USA,1964,Tokyo,Gymnastics,Gymnastics Women's Horse Vault,No medal
Linda (-mulvihill),F,United States,USA,1964,Tokyo,Gymnastics,Gymnastics Women's Uneven Bars,No medal
Linda (-mulvihill),F,United States,USA,1964,Tokyo,Gymnastics,Gymnastics Women's Balance Beam,No medal
Linda (-mulvihill),F,United States,USA,1968,Mexico City,Gymnastics,Gymnastics Women's Individual All-Around,No medal
Linda (-mulvihill),F,United States,USA,1968,Mexico City,Gymnastics,Gymnastics Women's Team All-Around,No medal
Linda (-mulvihill),F,United States,USA,1968,Mexico City,Gymnastics,Gymnastics Women's Floor Exercise,No medal
Linda (-mulvihill),F,United States,USA,1968,Mexico City,Gymnastics,Gymnastics Women's Horse Vault,No medal
Linda (-mulvihill),F,United States,USA,1968,Mexico City,Gymnastics,Gymnastics Women's Uneven Bars,No medal
Linda (-mulvihill),F,United States,USA,1968,Mexico City,Gymnastics,Gymnastics Women's Balance Beam,No medal
Linda (-mulvihill),F,United States,USA,1972,Munich,Gymnastics,Gymnastics Women's Individual All-Around,No medal
Linda (-mulvihill),F,United States,USA,1972,Munich,Gymnastics,Gymnastics Women's Team All-Around,No medal
Linda (-mulvihill),F,United States,USA,1972,Munich,Gymnastics,Gymnastics Women's Floor Exercise,No medal
Linda (-mulvihill),F,United States,USA,1972,Munich,Gymnastics,Gymnastics Women's Horse Vault,No medal
Linda (-mulvihill),F,United States,USA,1972,Munich,Gymnastics,Gymnastics Women's Uneven Bars,No medal
Linda (-mulvihill),F,United States,USA,1972,Munich,Gymnastics,Gymnastics Women's Balance Beam,No medal
Adelaide Meyer,F,United States,USA,1936,Berlin,Gymnastics,Gymnastics Women's Team All-Around,No medal
Shannon -falconetti),F,United States,USA,1992,Barcelona,Gymnastics,Gymnastics Women's Individual All-Around,Silver
Shannon -falconetti),F,United States,USA,1992,Barcelona,Gymnastics,Gymnastics Women's Team All-Around,Bronze
Shannon -falconetti),F,United States,USA,1992,Barcelona,Gymnastics,Gymnastics Women's Floor Exercise,Bronze
Shannon -falconetti),F,United States,USA,1992,Barcelona,Gymnastics,Gymnastics Women's Horse Vault,No medal
Shannon -falconetti),F,United States,USA,1992,Barcelona,Gymnastics,Gymnastics Women's Uneven Bars,Bronze
Shannon -falconetti),F,United States,USA,1992,Barcelona,Gymnastics,Gymnastics Women's Balance Beam,Silver
Shannon -falconetti),F,United States,USA,1996,Atlanta,Gymnastics,Gymnastics Women's Individual All-Around,No medal
Shannon -falconetti),F,United States,USA,1996,Atlanta,Gymnastics,Gymnastics Women's Team All-Around,Gold
Shannon -falconetti),F,United States,USA,1996,Atlanta,Gymnastics,Gymnastics Women's Floor Exercise,No medal
Shannon -falconetti),F,United States,USA,1996,Atlanta,Gymnastics,Gymnastics Women's Horse Vault,No medal
Shannon -falconetti),F,United States,USA,1996,Atlanta,Gymnastics,Gymnastics Women's Uneven Bars,No medal
Shannon -falconetti),F,United States,USA,1996,Atlanta,Gymnastics,Gymnastics Women's Balance Beam,Gold
Phoebe Mills,F,United States,USA,1988,Seoul,Gymnastics,Gymnastics Women's Individual All-Around,No medal
Phoebe Mills,F,United States,USA,1988,Seoul,Gymnastics,Gymnastics Women's Team All-Around,No medal
Phoebe Mills,F,United States,USA,1988,Seoul,Gymnastics,Gymnastics Women's Floor Exercise,No medal
Phoebe Mills,F,United States,USA,1988,Seoul,Gymnastics,Gymnastics Women's Horse Vault,No medal
Phoebe Mills,F,United States,USA,1988,Seoul,Gymnastics,Gymnastics Women's Uneven Bars,No medal
Phoebe Mills,F,United States,USA,1988,Seoul,Gymnastics,Gymnastics Women's Balance Beam,Bronze
Dominique (-canales),F,United States,USA,1996,Atlanta,Gymnastics,Gymnastics Women's Individual All-Around,No medal
Dominique (-canales),F,United States,USA,1996,Atlanta,Gymnastics,Gymnastics Women's Team All-Around,Gold
Dominique (-canales),F,United States,USA,1996,Atlanta,Gymnastics,Gymnastics Women's Floor Exercise,No medal
Dominique (-canales),F,United States,USA,1996,Atlanta,Gymnastics,Gymnastics Women's Horse Vault,No medal
Dominique (-canales),F,United States,USA,1996,Atlanta,Gymnastics,Gymnastics Women's Uneven Bars,No medal
Dominique (-canales),F,United States,USA,1996,Atlanta,Gymnastics,Gymnastics Women's Balance Beam,No medal
Teresa (-miller),F,United States,USA,1960,Roma,Gymnastics,Gymnastics Women's Individual All-Around,No medal
Teresa (-miller),F,United States,USA,1960,Roma,Gymnastics,Gymnastics Women's Team All-Around,No medal
Teresa (-miller),F,United States,USA,1960,Roma,Gymnastics,Gymnastics Women's Floor Exercise,No medal
Teresa (-miller),F,United States,USA,1960,Roma,Gymnastics,Gymnastics Women's Horse Vault,No medal
Teresa (-miller),F,United States,USA,1960,Roma,Gymnastics,Gymnastics Women's Uneven Bars,No medal
Teresa (-miller),F,United States,USA,1960,Roma,Gymnastics,Gymnastics Women's Balance Beam,No medal
Joan -gnat),F,United States,USA,1972,Munich,Gymnastics,Gymnastics Women's Individual All-Around,No medal
Joan -gnat),F,United States,USA,1972,Munich,Gymnastics,Gymnastics Women's Team All-Around,No medal
Joan -gnat),F,United States,USA,1972,Munich,Gymnastics,Gymnastics Women's Floor Exercise,No medal
Joan -gnat),F,United States,USA,1972,Munich,Gymnastics,Gymnastics Women's Horse Vault,No medal
Joan -gnat),F,United States,USA,1972,Munich,Gymnastics,Gymnastics Women's Uneven Bars,No medal
Joan -gnat),F,United States,USA,1972,Munich,Gymnastics,Gymnastics Women's Balance Beam,No medal
Colleen Mulvihill,F,United States,USA,1968,Mexico City,Gymnastics,Gymnastics Women's Individual All-Around,No medal
Colleen Mulvihill,F,United States,USA,1968,Mexico City,Gymnastics,Gymnastics Women's Team All-Around,No medal
Colleen Mulvihill,F,United States,USA,1968,Mexico City,Gymnastics,Gymnastics Women's Floor Exercise,No medal
Colleen Mulvihill,F,United States,USA,1968,Mexico City,Gymnastics,Gymnastics Women's Horse Vault,No medal
Colleen Mulvihill,F,United States,USA,1968,Mexico City,Gymnastics,Gymnastics Women's Uneven Bars,No medal
Colleen Mulvihill,F,United States,USA,1968,Mexico City,Gymnastics,Gymnastics Women's Balance Beam,No medal
Elizabeth Okino,F,United States,USA,1992,Barcelona,Gymnastics,Gymnastics Women's Individual All-Around,No medal
Elizabeth Okino,F,United States,USA,1992,Barcelona,Gymnastics,Gymnastics Women's Team All-Around,Bronze
Elizabeth Okino,F,United States,USA,1992,Barcelona,Gymnastics,Gymnastics Women's Floor Exercise,No medal
Elizabeth Okino,F,United States,USA,1992,Barcelona,Gymnastics,Gymnastics Women's Horse Vault,No medal
Elizabeth Okino,F,United States,USA,1992,Barcelona,Gymnastics,Gymnastics Women's Uneven Bars,No medal
Elizabeth Okino,F,United States,USA,1992,Barcelona,Gymnastics,Gymnastics Women's Balance Beam,No medal
Carly (-caldwell),F,United States,USA,2004,Athina,Gymnastics,Gymnastics Women's Individual All-Around,Gold
Carly (-caldwell),F,United States,USA,2004,Athina,Gymnastics,Gymnastics Women's Team All-Around,Silver
Carly (-caldwell),F,United States,USA,2004,Athina,Gymnastics,Gymnastics Women's Floor Exercise,No medal
Carly (-caldwell),F,United States,USA,2004,Athina,Gymnastics,Gymnastics Women's Horse Vault,No medal
Carly (-caldwell),F,United States,USA,2004,Athina,Gymnastics,Gymnastics Women's Uneven Bars,No medal
Carly (-caldwell),F,United States,USA,2004,Athina,Gymnastics,Gymnastics Women's Balance Beam,Silver
Samantha Peszek,F,United States,USA,2008,Beijing,Gymnastics,Gymnastics Women's Individual All-Around,No medal
Samantha Peszek,F,United States,USA,2008,Beijing,Gymnastics,Gymnastics Women's Team All-Around,Silver
Samantha Peszek,F,United States,USA,2008,Beijing,Gymnastics,Gymnastics Women's Uneven Bars,No medal
Jaycie -marus),F,United States,USA,1996,Atlanta,Gymnastics,Gymnastics Women's Individual All-Around,No medal
Jaycie -marus),F,United States,USA,1996,Atlanta,Gymnastics,Gymnastics Women's Team All-Around,Gold
Jaycie -marus),F,United States,USA,1996,Atlanta,Gymnastics,Gymnastics Women's Floor Exercise,No medal
Jaycie -marus),F,United States,USA,1996,Atlanta,Gymnastics,Gymnastics Women's Horse Vault,No medal
Jaycie -marus),F,United States,USA,1996,Atlanta,Gymnastics,Gymnastics Women's Uneven Bars,No medal
Jaycie -marus),F,United States,USA,1996,Atlanta,Gymnastics,Gymnastics Women's Balance Beam,No medal
Roxanne (-mancha),F,United States,USA,1972,Munich,Gymnastics,Gymnastics Women's Individual All-Around,No medal
Roxanne (-mancha),F,United States,USA,1972,Munich,Gymnastics,Gymnastics Women's Team All-Around,No medal
Roxanne (-mancha),F,United States,USA,1972,Munich,Gymnastics,Gymnastics Women's Floor Exercise,No medal
Roxanne (-mancha),F,United States,USA,1972,Munich,Gymnastics,Gymnastics Women's Horse Vault,No medal
Roxanne (-mancha),F,United States,USA,1972,Munich,Gymnastics,Gymnastics Women's Uneven Bars,No medal
Roxanne (-mancha),F,United States,USA,1972,Munich,Gymnastics,Gymnastics Women's Balance Beam,No medal
Joyce -budrunas),F,United States,USA,1956,Melbourne,Gymnastics,Gymnastics Women's Individual All-Around,No medal
Joyce -budrunas),F,United States,USA,1956,Melbourne,Gymnastics,Gymnastics Women's Team All-Around,No medal
Joyce -budrunas),F,United States,USA,1956,Melbourne,Gymnastics,Gymnastics Women's Team Portable Apparatus,No medal
Joyce -budrunas),F,United States,USA,1956,Melbourne,Gymnastics,Gymnastics Women's Floor Exercise,No medal
Joyce -budrunas),F,United States,USA,1956,Melbourne,Gymnastics,Gymnastics Women's Horse Vault,No medal
Joyce -budrunas),F,United States,USA,1956,Melbourne,Gymnastics,Gymnastics Women's Uneven Bars,No medal
Joyce -budrunas),F,United States,USA,1956,Melbourne,Gymnastics,Gymnastics Women's Balance Beam,No medal
Alexandra Raisman,F,United States,USA,2012,London,Gymnastics,Gymnastics Women's Individual All-Around,No medal
Alexandra Raisman,F,United States,USA,2012,London,Gymnastics,Gymnastics Women's Team All-Around,Gold
Alexandra Raisman,F,United States,USA,2012,London,Gymnastics,Gymnastics Women's Floor Exercise,Gold
Alexandra Raisman,F,United States,USA,2012,London,Gymnastics,Gymnastics Women's Uneven Bars,No medal
Alexandra Raisman,F,United States,USA,2012,London,Gymnastics,Gymnastics Women's Balance Beam,Bronze
Alexandra Raisman,F,United States,USA,2016,Rio de Janeiro,Gymnastics,Gymnastics Women's Individual All-Around,Silver
Alexandra Raisman,F,United States,USA,2016,Rio de Janeiro,Gymnastics,Gymnastics Women's Team All-Around,Gold
Alexandra Raisman,F,United States,USA,2016,Rio de Janeiro,Gymnastics,Gymnastics Women's Floor Exercise,Silver
Alexandra Raisman,F,United States,USA,2016,Rio de Janeiro,Gymnastics,Gymnastics Women's Uneven Bars,No medal
Alexandra Raisman,F,United States,USA,2016,Rio de Janeiro,Gymnastics,Gymnastics Women's Balance Beam,No medal
Mary Ray,F,United States,USA,2000,Sydney,Gymnastics,Gymnastics Women's Individual All-Around,No medal
Mary Ray,F,United States,USA,2000,Sydney,Gymnastics,Gymnastics Women's Team All-Around,Bronze
Mary Ray,F,United States,USA,2000,Sydney,Gymnastics,Gymnastics Women's Floor Exercise,No medal
Mary Ray,F,United States,USA,2000,Sydney,Gymnastics,Gymnastics Women's Horse Vault,No medal
Mary Ray,F,United States,USA,2000,Sydney,Gymnastics,Gymnastics Women's Uneven Bars,No medal
Mary Ray,F,United States,USA,2000,Sydney,Gymnastics,Gymnastics Women's Balance Beam,No medal
Mary (-kelley),F,United States,USA,1984,Los Angeles,Gymnastics,Gymnastics Women's Individual All-Around,Gold
Mary (-kelley),F,United States,USA,1984,Los Angeles,Gymnastics,Gymnastics Women's Team All-Around,Silver
Mary (-kelley),F,United States,USA,1984,Los Angeles,Gymnastics,Gymnastics Women's Floor Exercise,Bronze
Mary (-kelley),F,United States,USA,1984,Los Angeles,Gymnastics,Gymnastics Women's Horse Vault,Silver
Mary (-kelley),F,United States,USA,1984,Los Angeles,Gymnastics,Gymnastics Women's Uneven Bars,Bronze
Mary (-kelley),F,United States,USA,1984,Los Angeles,Gymnastics,Gymnastics Women's Balance Beam,No medal
Sharon (-zuber),F,United States,USA,1960,Roma,Gymnastics,Gymnastics Women's Individual All-Around,No medal
Sharon (-zuber),F,United States,USA,1960,Roma,Gymnastics,Gymnastics Women's Team All-Around,No medal
Sharon (-zuber),F,United States,USA,1960,Roma,Gymnastics,Gymnastics Women's Floor Exercise,No medal
Sharon (-zuber),F,United States,USA,1960,Roma,Gymnastics,Gymnastics Women's Horse Vault,No medal
Sharon (-zuber),F,United States,USA,1960,Roma,Gymnastics,Gymnastics Women's Uneven Bars,No medal
Sharon (-zuber),F,United States,USA,1960,Roma,Gymnastics,Gymnastics Women's Balance Beam,No medal
Cathleen -mccoy),F,United States,USA,1968,Mexico City,Gymnastics,Gymnastics Women's Individual All-Around,No medal
Cathleen -mccoy),F,United States,USA,1968,Mexico City,Gymnastics,Gymnastics Women's Team All-Around,No medal
Cathleen -mccoy),F,United States,USA,1968,Mexico City,Gymnastics,Gymnastics Women's Floor Exercise,No medal
Cathleen -mccoy),F,United States,USA,1968,Mexico City,Gymnastics,Gymnastics Women's Horse Vault,No medal
Cathleen -mccoy),F,United States,USA,1968,Mexico City,Gymnastics,Gymnastics Women's Uneven Bars,No medal
Cathleen -mccoy),F,United States,USA,1968,Mexico City,Gymnastics,Gymnastics Women's Balance Beam,No medal
Cathleen -mccoy),F,United States,USA,1972,Munich,Gymnastics,Gymnastics Women's Individual All-Around,No medal
Cathleen -mccoy),F,United States,USA,1972,Munich,Gymnastics,Gymnastics Women's Team All-Around,No medal
Cathleen -mccoy),F,United States,USA,1972,Munich,Gymnastics,Gymnastics Women's Floor Exercise,No medal
Cathleen -mccoy),F,United States,USA,1972,Munich,Gymnastics,Gymnastics Women's Horse Vault,No medal
Cathleen -mccoy),F,United States,USA,1972,Munich,Gymnastics,Gymnastics Women's Uneven Bars,No medal
Cathleen -mccoy),F,United States,USA,1972,Munich,Gymnastics,Gymnastics Women's Balance Beam,No medal
Kyla Ross,F,United States,USA,2012,London,Gymnastics,Gymnastics Women's Team All-Around,Gold
Kyla Ross,F,United States,USA,2012,London,Gymnastics,Gymnastics Women's Floor Exercise,No medal
Kyla Ross,F,United States,USA,2012,London,Gymnastics,Gymnastics Women's Uneven Bars,No medal
Kyla Ross,F,United States,USA,2012,London,Gymnastics,Gymnastics Women's Balance Beam,No medal
Sandra -john),F,United States,USA,1956,Melbourne,Gymnastics,Gymnastics Women's Individual All-Around,No medal
Sandra -john),F,United States,USA,1956,Melbourne,Gymnastics,Gymnastics Women's Team All-Around,No medal
Sandra -john),F,United States,USA,1956,Melbourne,Gymnastics,Gymnastics Women's Team Portable Apparatus,No medal
Sandra -john),F,United States,USA,1956,Melbourne,Gymnastics,Gymnastics Women's Floor Exercise,No medal
Sandra -john),F,United States,USA,1956,Melbourne,Gymnastics,Gymnastics Women's Horse Vault,No medal
Sandra -john),F,United States,USA,1956,Melbourne,Gymnastics,Gymnastics Women's Uneven Bars,No medal
Sandra -john),F,United States,USA,1956,Melbourne,Gymnastics,Gymnastics Women's Balance Beam,No medal
Alicia (-quinn),F,United States,USA,2008,Beijing,Gymnastics,Gymnastics Women's Individual All-Around,No medal
Alicia (-quinn),F,United States,USA,2008,Beijing,Gymnastics,Gymnastics Women's Team All-Around,Silver
Alicia (-quinn),F,United States,USA,2008,Beijing,Gymnastics,Gymnastics Women's Floor Exercise,No medal
Alicia (-quinn),F,United States,USA,2008,Beijing,Gymnastics,Gymnastics Women's Horse Vault,No medal
Alicia (-quinn),F,United States,USA,2008,Beijing,Gymnastics,Gymnastics Women's Balance Beam,No medal
Helen (-sjursen),F,United States,USA,1948,London,Gymnastics,Gymnastics Women's Team All-Around,Bronze
Clara Schroth-lomady,F,United States,USA,1948,London,Gymnastics,Gymnastics Women's Team All-Around,Bronze
Clara Schroth-lomady,F,United States,USA,1952,Helsinki,Gymnastics,Gymnastics Women's Individual All-Around,No medal
Clara Schroth-lomady,F,United States,USA,1952,Helsinki,Gymnastics,Gymnastics Women's Team All-Around,No medal
Clara Schroth-lomady,F,United States,USA,1952,Helsinki,Gymnastics,Gymnastics Women's Team Portable Apparatus,No medal
Clara Schroth-lomady,F,United States,USA,1952,Helsinki,Gymnastics,Gymnastics Women's Floor Exercise,No medal
Clara Schroth-lomady,F,United States,USA,1952,Helsinki,Gymnastics,Gymnastics Women's Horse Vault,No medal
Clara Schroth-lomady,F,United States,USA,1952,Helsinki,Gymnastics,Gymnastics Women's Uneven Bars,No medal
Clara Schroth-lomady,F,United States,USA,1952,Helsinki,Gymnastics,Gymnastics Women's Balance Beam,No medal
Tasha Schwikert-warren,F,United States,USA,2000,Sydney,Gymnastics,Gymnastics Women's Individual All-Around,No medal
Tasha Schwikert-warren,F,United States,USA,2000,Sydney,Gymnastics,Gymnastics Women's Team All-Around,Bronze
Tasha Schwikert-warren,F,United States,USA,2000,Sydney,Gymnastics,Gymnastics Women's Uneven Bars,No medal
Tasha Schwikert-warren,F,United States,USA,2000,Sydney,Gymnastics,Gymnastics Women's Balance Beam,No medal
Anita (-zetts),F,United States,USA,1948,London,Gymnastics,Gymnastics Women's Team All-Around,Bronze
Bridget Sloan,F,United States,USA,2008,Beijing,Gymnastics,Gymnastics Women's Individual All-Around,No medal
Bridget Sloan,F,United States,USA,2008,Beijing,Gymnastics,Gymnastics Women's Team All-Around,Silver
Bridget Sloan,F,United States,USA,2008,Beijing,Gymnastics,Gymnastics Women's Floor Exercise,No medal
Bridget Sloan,F,United States,USA,2008,Beijing,Gymnastics,Gymnastics Women's Uneven Bars,No medal
Bridget Sloan,F,United States,USA,2008,Beijing,Gymnastics,Gymnastics Women's Balance Beam,No medal
Gail (-whitney),F,United States,USA,1960,Roma,Gymnastics,Gymnastics Women's Individual All-Around,No medal
Gail (-whitney),F,United States,USA,1960,Roma,Gymnastics,Gymnastics Women's Team All-Around,No medal
Gail (-whitney),F,United States,USA,1960,Roma,Gymnastics,Gymnastics Women's Floor Exercise,No medal
Gail (-whitney),F,United States,USA,1960,Roma,Gymnastics,Gymnastics Women's Horse Vault,No medal
Gail (-whitney),F,United States,USA,1960,Roma,Gymnastics,Gymnastics Women's Uneven Bars,No medal
Gail (-whitney),F,United States,USA,1960,Roma,Gymnastics,Gymnastics Women's Balance Beam,No medal
Janice -hunter),F,United States,USA,1964,Tokyo,Gymnastics,Gymnastics Women's Individual All-Around,No medal
Janice -hunter),F,United States,USA,1964,Tokyo,Gymnastics,Gymnastics Women's Team All-Around,No medal
Janice -hunter),F,United States,USA,1964,Tokyo,Gymnastics,Gymnastics Women's Floor Exercise,No medal
Janice -hunter),F,United States,USA,1964,Tokyo,Gymnastics,Gymnastics Women's Horse Vault,No medal
Janice -hunter),F,United States,USA,1964,Tokyo,Gymnastics,Gymnastics Women's Uneven Bars,No medal
Janice -hunter),F,United States,USA,1964,Tokyo,Gymnastics,Gymnastics Women's Balance Beam,No medal
Theresa -coburn),F,United States,USA,1988,Seoul,Gymnastics,Gymnastics Women's Individual All-Around,No medal
Theresa -coburn),F,United States,USA,1988,Seoul,Gymnastics,Gymnastics Women's Team All-Around,No medal
Theresa -coburn),F,United States,USA,1988,Seoul,Gymnastics,Gymnastics Women's Floor Exercise,No medal
Theresa -coburn),F,United States,USA,1988,Seoul,Gymnastics,Gymnastics Women's Horse Vault,No medal
Theresa -coburn),F,United States,USA,1988,Seoul,Gymnastics,Gymnastics Women's Uneven Bars,No medal
Theresa -coburn),F,United States,USA,1988,Seoul,Gymnastics,Gymnastics Women's Balance Beam,No medal
Carrol Stack,F,United States,USA,1988,Seoul,Gymnastics,Gymnastics Women's Individual All-Around,No medal
Carrol Stack,F,United States,USA,1988,Seoul,Gymnastics,Gymnastics Women's Team All-Around,No medal
Carrol Stack,F,United States,USA,1988,Seoul,Gymnastics,Gymnastics Women's Floor Exercise,No medal
Carrol Stack,F,United States,USA,1988,Seoul,Gymnastics,Gymnastics Women's Horse Vault,No medal
Carrol Stack,F,United States,USA,1988,Seoul,Gymnastics,Gymnastics Women's Uneven Bars,No medal
Carrol Stack,F,United States,USA,1988,Seoul,Gymnastics,Gymnastics Women's Balance Beam,No medal
Kerri (-fischer),F,United States,USA,1992,Barcelona,Gymnastics,Gymnastics Women's Individual All-Around,No medal
Kerri (-fischer),F,United States,USA,1992,Barcelona,Gymnastics,Gymnastics Women's Team All-Around,Bronze
Kerri (-fischer),F,United States,USA,1992,Barcelona,Gymnastics,Gymnastics Women's Floor Exercise,No medal
Kerri (-fischer),F,United States,USA,1992,Barcelona,Gymnastics,Gymnastics Women's Horse Vault,No medal
Kerri (-fischer),F,United States,USA,1992,Barcelona,Gymnastics,Gymnastics Women's Uneven Bars,No medal
Kerri (-fischer),F,United States,USA,1992,Barcelona,Gymnastics,Gymnastics Women's Balance Beam,No medal
Kerri (-fischer),F,United States,USA,1996,Atlanta,Gymnastics,Gymnastics Women's Individual All-Around,No medal
Kerri (-fischer),F,United States,USA,1996,Atlanta,Gymnastics,Gymnastics Women's Team All-Around,Gold
Kerri (-fischer),F,United States,USA,1996,Atlanta,Gymnastics,Gymnastics Women's Floor Exercise,No medal
Kerri (-fischer),F,United States,USA,1996,Atlanta,Gymnastics,Gymnastics Women's Horse Vault,No medal
Kerri (-fischer),F,United States,USA,1996,Atlanta,Gymnastics,Gymnastics Women's Uneven Bars,No medal
Kerri (-fischer),F,United States,USA,1996,Atlanta,Gymnastics,Gymnastics Women's Balance Beam,No medal
Tracee (-kent),F,United States,USA,1984,Los Angeles,Gymnastics,Gymnastics Women's Individual All-Around,No medal
Tracee (-kent),F,United States,USA,1984,Los Angeles,Gymnastics,Gymnastics Women's Team All-Around,Silver
Tracee (-kent),F,United States,USA,1984,Los Angeles,Gymnastics,Gymnastics Women's Floor Exercise,No medal
Tracee (-kent),F,United States,USA,1984,Los Angeles,Gymnastics,Gymnastics Women's Horse Vault,No medal
Tracee (-kent),F,United States,USA,1984,Los Angeles,Gymnastics,Gymnastics Women's Uneven Bars,No medal
Tracee (-kent),F,United States,USA,1984,Los Angeles,Gymnastics,Gymnastics Women's Balance Beam,No medal
Joyce (-schroeder),F,United States,USA,1968,Mexico City,Gymnastics,Gymnastics Women's Individual All-Around,No medal
Joyce (-schroeder),F,United States,USA,1968,Mexico City,Gymnastics,Gymnastics Women's Team All-Around,No medal
Joyce (-schroeder),F,United States,USA,1968,Mexico City,Gymnastics,Gymnastics Women's Floor Exercise,No medal
Joyce (-schroeder),F,United States,USA,1968,Mexico City,Gymnastics,Gymnastics Women's Horse Vault,No medal
Joyce (-schroeder),F,United States,USA,1968,Mexico City,Gymnastics,Gymnastics Women's Uneven Bars,No medal
Joyce (-schroeder),F,United States,USA,1968,Mexico City,Gymnastics,Gymnastics Women's Balance Beam,No medal
Nancy (-marshall),F,United States,USA,1972,Munich,Gymnastics,Gymnastics Women's Individual All-Around,No medal
Nancy (-marshall),F,United States,USA,1972,Munich,Gymnastics,Gymnastics Women's Team All-Around,No medal
Nancy (-marshall),F,United States,USA,1972,Munich,Gymnastics,Gymnastics Women's Floor Exercise,No medal
Nancy (-marshall),F,United States,USA,1972,Munich,Gymnastics,Gymnastics Women's Horse Vault,No medal
Nancy (-marshall),F,United States,USA,1972,Munich,Gymnastics,Gymnastics Women's Uneven Bars,No medal
Nancy (-marshall),F,United States,USA,1972,Munich,Gymnastics,Gymnastics Women's Balance Beam,No medal
Ruth (lehle-),F,United States,USA,1952,Helsinki,Gymnastics,Gymnastics Women's Individual All-Around,No medal
Ruth (lehle-),F,United States,USA,1952,Helsinki,Gymnastics,Gymnastics Women's Team All-Around,No medal
Ruth (lehle-),F,United States,USA,1952,Helsinki,Gymnastics,Gymnastics Women's Team Portable Apparatus,No medal
Ruth (lehle-),F,United States,USA,1952,Helsinki,Gymnastics,Gymnastics Women's Floor Exercise,No medal
Ruth (lehle-),F,United States,USA,1952,Helsinki,Gymnastics,Gymnastics Women's Horse Vault,No medal
Ruth (lehle-),F,United States,USA,1952,Helsinki,Gymnastics,Gymnastics Women's Uneven Bars,No medal
Ruth (lehle-),F,United States,USA,1952,Helsinki,Gymnastics,Gymnastics Women's Balance Beam,No medal
Marie -kuhlman),F,United States,USA,1964,Tokyo,Gymnastics,Gymnastics Women's Individual All-Around,No medal
Marie -kuhlman),F,United States,USA,1964,Tokyo,Gymnastics,Gymnastics Women's Team All-Around,No medal
Marie -kuhlman),F,United States,USA,1964,Tokyo,Gymnastics,Gymnastics Women's Floor Exercise,No medal
Marie -kuhlman),F,United States,USA,1964,Tokyo,Gymnastics,Gymnastics Women's Horse Vault,No medal
Marie -kuhlman),F,United States,USA,1964,Tokyo,Gymnastics,Gymnastics Women's Uneven Bars,No medal
Marie -kuhlman),F,United States,USA,1964,Tokyo,Gymnastics,Gymnastics Women's Balance Beam,No medal
Jordyn Wieber,F,United States,USA,2012,London,Gymnastics,Gymnastics Women's Individual All-Around,No medal
Jordyn Wieber,F,United States,USA,2012,London,Gymnastics,Gymnastics Women's Team All-Around,Gold
Jordyn Wieber,F,United States,USA,2012,London,Gymnastics,Gymnastics Women's Floor Exercise,No medal
Jordyn Wieber,F,United States,USA,2012,London,Gymnastics,Gymnastics Women's Uneven Bars,No medal
Jordyn Wieber,F,United States,USA,2012,London,Gymnastics,Gymnastics Women's Balance Beam,No medal
Deborah Willcox,F,United States,USA,1976,Montreal,Gymnastics,Gymnastics Women's Individual All-Around,No medal
Deborah Willcox,F,United States,USA,1976,Montreal,Gymnastics,Gymnastics Women's Team All-Around,No medal
Deborah Willcox,F,United States,USA,1976,Montreal,Gymnastics,Gymnastics Women's Floor Exercise,No medal
Deborah Willcox,F,United States,USA,1976,Montreal,Gymnastics,Gymnastics Women's Horse Vault,No medal
Deborah Willcox,F,United States,USA,1976,Montreal,Gymnastics,Gymnastics Women's Uneven Bars,No medal
Deborah Willcox,F,United States,USA,1976,Montreal,Gymnastics,Gymnastics Women's Balance Beam,No medal
Leslie (-laughlin),F,United States,USA,1976,Montreal,Gymnastics,Gymnastics Women's Individual All-Around,No medal
Leslie (-laughlin),F,United States,USA,1976,Montreal,Gymnastics,Gymnastics Women's Team All-Around,No medal
Leslie (-laughlin),F,United States,USA,1976,Montreal,Gymnastics,Gymnastics Women's Floor Exercise,No medal
Leslie (-laughlin),F,United States,USA,1976,Montreal,Gymnastics,Gymnastics Women's Horse Vault,No medal
Leslie (-laughlin),F,United States,USA,1976,Montreal,Gymnastics,Gymnastics Women's Uneven Bars,No medal
Leslie (-laughlin),F,United States,USA,1976,Montreal,Gymnastics,Gymnastics Women's Balance Beam,No medal
Mary Wright,F,United States,USA,1936,Berlin,Gymnastics,Gymnastics Women's Team All-Around,No medal
Kimberley (-burdette),F,United States,USA,1992,Barcelona,Gymnastics,Gymnastics Women's Individual All-Around,No medal
Kimberley (-burdette),F,United States,USA,1992,Barcelona,Gymnastics,Gymnastics Women's Team All-Around,Bronze
Kimberley (-burdette),F,United States,USA,1992,Barcelona,Gymnastics,Gymnastics Women's Floor Exercise,No medal
Kimberley (-burdette),F,United States,USA,1992,Barcelona,Gymnastics,Gymnastics Women's Horse Vault,No medal
Kimberley (-burdette),F,United States,USA,1992,Barcelona,Gymnastics,Gymnastics Women's Uneven Bars,No medal
Kimberley (-burdette),F,United States,USA,1992,Barcelona,Gymnastics,Gymnastics Women's Balance Beam,No medal
